customer_id,gender,age,state,city,region,join_date,loyalty_tier,channel_preference,
6,Female,55,Rajasthan,Jodhpur,North,6-Mar-24,Gold,Online,
51,Male,29,Rajasthan,Jodhpur,North,11-Oct-22,None,Online,
83,Male,25,Rajasthan,Jaipur,North,15-Jun-24,Gold,Retail,
98,Female,44,Rajasthan,Udaipur,North,18-Jan-25,Silver,Retail,
107,Female,66,Rajasthan,Jaipur,North,8-Apr-22,Silver,Retail,
110,Male,43,Rajasthan,Udaipur,North,3-Sep-23,Gold,Retail,
112,Other,67,Rajasthan,Jaipur,North,18-Sep-23,None,Retail,
118,Female,23,Rajasthan,Jaipur,North,17-May-24,None,Retail,
120,Female,39,Rajasthan,Jaipur,North,8-Jan-22,None,Online,
141,Other,41,Rajasthan,Udaipur,North,30-Sep-23,Silver,Retail,
145,Female,60,Rajasthan,Jaipur,North,24-Feb-25,Silver,Retail,
148,Male,48,Rajasthan,Jodhpur,North,6-Mar-23,Silver,Retail,
149,Male,25,Rajasthan,Jaipur,North,19-Aug-22,None,Retail,
151,Other,34,Rajasthan,Jodhpur,North,13-Jan-25,None,Retail,
159,Female,20,Rajasthan,Udaipur,North,22-Aug-22,None,Online,
161,Other,20,Rajasthan,Jaipur,North,31-May-23,Silver,Online,
180,Other,20,Rajasthan,Jodhpur,North,30-Apr-23,None,Retail,
182,Female,23,Rajasthan,Udaipur,North,1-Oct-24,None,Online,
193,Female,62,Rajasthan,Jodhpur,North,27-Sep-24,Silver,Retail,
203,Male,37,Rajasthan,Jaipur,North,3-Jun-24,Silver,Retail,
211,Other,35,Rajasthan,Jaipur,North,7-Jul-23,None,Online,
231,Other,59,Rajasthan,Udaipur,North,4-May-23,Gold,Online,
232,Male,48,Rajasthan,Jaipur,North,19-Jun-23,Silver,Online,
235,Other,67,Rajasthan,Udaipur,North,19-Apr-22,Silver,Retail,
245,Female,57,Rajasthan,Jaipur,North,9-Jan-25,None,Retail,
256,Female,52,Rajasthan,Udaipur,North,26-May-24,Silver,Online,
257,Male,35,Rajasthan,Jodhpur,North,4-Jun-24,Gold,Online,
260,Female,32,Rajasthan,Jodhpur,North,12-Aug-24,None,Online,
283,Female,18,Rajasthan,Jodhpur,North,25-Apr-22,None,Online,
289,Female,33,Rajasthan,Jodhpur,North,11-Sep-23,None,Retail,
292,Female,23,Rajasthan,Jaipur,North,15-Apr-23,Silver,Retail,
305,Female,25,Rajasthan,Jodhpur,North,22-Oct-24,Silver,Online,
309,Other,52,Rajasthan,Jodhpur,North,27-Dec-24,None,Retail,
329,Female,62,Rajasthan,Jodhpur,North,23-Jun-23,Silver,Retail,
332,Female,28,Rajasthan,Udaipur,North,19-Jan-22,Silver,Retail,
341,Male,54,Rajasthan,Jodhpur,North,9-May-23,Silver,Retail,
342,Male,27,Rajasthan,Jodhpur,North,22-Mar-23,Gold,Online,
367,Other,51,Rajasthan,Jodhpur,North,11-Mar-25,None,Retail,
380,Other,51,Rajasthan,Jaipur,North,6-Dec-23,None,Online,
386,Male,50,Rajasthan,Jodhpur,North,24-Sep-23,Silver,Online,
399,Other,21,Rajasthan,Jodhpur,North,8-Nov-24,None,Retail,
400,Other,61,Rajasthan,Jaipur,North,13-Sep-24,None,Retail,
402,Female,32,Rajasthan,Jaipur,North,10-Nov-23,Silver,Retail,
412,Other,49,Rajasthan,Jodhpur,North,13-Mar-24,Silver,Retail,
449,Male,22,Rajasthan,Jodhpur,North,19-Nov-22,Silver,Retail,
476,Male,35,Rajasthan,Jodhpur,North,15-Jan-23,Silver,Retail,
480,Female,41,Rajasthan,Jaipur,North,20-May-23,None,Online,
491,Other,64,Rajasthan,Jodhpur,North,11-Sep-23,Silver,Online,
507,Female,24,Rajasthan,Jaipur,North,24-Dec-22,None,Online,
511,Other,69,Rajasthan,Jodhpur,North,28-Oct-24,None,Retail,
517,Other,46,Rajasthan,Jodhpur,North,11-Oct-23,Gold,Retail,
519,Other,66,Rajasthan,Jaipur,North,18-Jun-23,Silver,Online,
530,Male,59,Rajasthan,Jodhpur,North,4-Apr-23,Platinum,Online,
563,Male,48,Rajasthan,Udaipur,North,14-Mar-22,Platinum,Retail,
578,Female,46,Rajasthan,Udaipur,North,22-Mar-25,None,Online,
582,Female,34,Rajasthan,Jaipur,North,5-Dec-24,Silver,Retail,
589,Female,30,Rajasthan,Jodhpur,North,26-Dec-22,None,Online,
612,Male,67,Rajasthan,Jaipur,North,6-Jun-24,None,Retail,
622,Female,37,Rajasthan,Udaipur,North,22-Jul-24,Silver,Online,
625,Female,28,Rajasthan,Udaipur,North,18-Mar-25,Gold,Retail,
629,Male,18,Rajasthan,Udaipur,North,14-Dec-22,Platinum,Retail,
650,Male,25,Rajasthan,Udaipur,North,26-Dec-23,None,Online,
661,Other,48,Rajasthan,Jodhpur,North,4-Apr-24,None,Online,
667,Other,58,Rajasthan,Udaipur,North,9-Apr-25,None,Retail,
679,Other,29,Rajasthan,Udaipur,North,11-Sep-23,Platinum,Online,
684,Male,36,Rajasthan,Jaipur,North,6-Apr-23,Silver,Online,
686,Male,26,Rajasthan,Jodhpur,North,1-Mar-24,Silver,Online,
692,Female,48,Rajasthan,Udaipur,North,11-Oct-22,None,Retail,
722,Male,53,Rajasthan,Jaipur,North,2-Oct-23,None,Online,
736,Female,53,Rajasthan,Jaipur,North,17-Jul-23,Silver,Online,
739,Female,27,Rajasthan,Jaipur,North,29-Mar-24,None,Online,
756,Female,59,Rajasthan,Jaipur,North,27-Aug-23,Silver,Retail,
757,Female,23,Rajasthan,Jodhpur,North,4-Jan-22,None,Retail,
764,Male,64,Rajasthan,Udaipur,North,25-Jan-24,None,Online,
791,Other,20,Rajasthan,Jodhpur,North,11-Jan-22,None,Online,
796,Other,23,Rajasthan,Jaipur,North,8-Oct-22,None,Online,
816,Other,62,Rajasthan,Jaipur,North,26-Mar-23,Silver,Online,
817,Other,48,Rajasthan,Jaipur,North,21-Sep-23,None,Retail,
821,Other,39,Rajasthan,Udaipur,North,14-May-22,Platinum,Retail,
856,Female,26,Rajasthan,Udaipur,North,24-Mar-23,Silver,Retail,
861,Male,24,Rajasthan,Udaipur,North,8-Jul-22,Gold,Retail,
884,Other,40,Rajasthan,Jodhpur,North,11-Dec-22,Platinum,Online,
885,Other,51,Rajasthan,Jaipur,North,23-Jun-24,Silver,Retail,
915,Other,67,Rajasthan,Jodhpur,North,7-May-24,None,Retail,
924,Female,51,Rajasthan,Jaipur,North,29-Apr-23,Gold,Online,
929,Female,22,Rajasthan,Jodhpur,North,25-Jan-23,None,Online,
954,Female,68,Rajasthan,Udaipur,North,16-Sep-23,None,Retail,
955,Male,38,Rajasthan,Jodhpur,North,13-Jun-23,None,Online,
974,Other,56,Rajasthan,Udaipur,North,11-Apr-25,None,Online,
975,Male,57,Rajasthan,Jaipur,North,7-Oct-22,None,Retail,
978,Female,41,Rajasthan,Jodhpur,North,19-Apr-24,None,Online,
987,Other,62,Rajasthan,Jodhpur,North,17-Nov-23,None,Retail,
991,Male,59,Rajasthan,Jodhpur,North,11-Jun-22,Gold,Online,
1006,Male,59,Rajasthan,Jodhpur,North,27-Oct-22,None,Retail,
1021,Other,22,Rajasthan,Udaipur,North,31-Mar-24,None,Online,
1026,Female,40,Rajasthan,Jaipur,North,9-Sep-22,None,Online,
1032,Male,60,Rajasthan,Jodhpur,North,28-Jan-25,None,Online,
1036,Other,59,Rajasthan,Udaipur,North,20-Jul-22,None,Retail,
1037,Other,43,Rajasthan,Jaipur,North,24-Sep-22,None,Online,
1039,Male,25,Rajasthan,Jodhpur,North,15-Nov-23,Silver,Retail,
1046,Other,18,Rajasthan,Jaipur,North,15-Apr-22,None,Online,
1066,Male,37,Rajasthan,Jodhpur,North,9-May-23,None,Retail,
1069,Male,57,Rajasthan,Jodhpur,North,28-Feb-25,None,Online,
1071,Other,22,Rajasthan,Udaipur,North,9-Feb-23,Gold,Retail,
1074,Male,60,Rajasthan,Jodhpur,North,15-Mar-22,Gold,Retail,
1090,Female,46,Rajasthan,Jaipur,North,6-Apr-23,None,Retail,
1097,Other,31,Rajasthan,Udaipur,North,13-Dec-22,Platinum,Retail,
1113,Female,26,Rajasthan,Udaipur,North,4-Oct-24,Silver,Retail,
1124,Male,23,Rajasthan,Jodhpur,North,13-May-23,None,Retail,
1138,Male,66,Rajasthan,Udaipur,North,19-Apr-24,Silver,Retail,
1153,Other,47,Rajasthan,Jodhpur,North,3-Jan-25,Silver,Online,
1197,Male,20,Rajasthan,Udaipur,North,27-Feb-24,None,Online,
7,Other,40,Haryana,Gurugram,North,6-Jan-23,None,Retail,
13,Male,20,Haryana,Faridabad,North,4-Aug-22,Gold,Online,
19,Male,26,Haryana,Gurugram,North,26-Dec-22,Gold,Retail,
25,Male,67,Haryana,Gurugram,North,17-May-23,None,Online,
26,Female,43,Haryana,Panipat,North,15-Jul-23,Silver,Retail,
29,Female,43,Haryana,Panipat,North,16-Mar-24,None,Retail,
33,Other,42,Haryana,Gurugram,North,27-Aug-24,Platinum,Online,
35,Male,35,Haryana,Faridabad,North,17-Oct-23,None,Online,
81,Other,24,Haryana,Faridabad,North,23-Mar-22,Gold,Online,
99,Male,54,Haryana,Panipat,North,8-Jul-24,Silver,Retail,
101,Other,28,Haryana,Gurugram,North,3-Nov-24,None,Online,
108,Other,38,Haryana,Faridabad,North,13-Mar-25,Gold,Retail,
111,Female,52,Haryana,Panipat,North,12-Jan-23,Silver,Retail,
117,Other,50,Haryana,Panipat,North,5-Oct-24,None,Retail,
129,Male,61,Haryana,Gurugram,North,28-Oct-22,None,Online,
136,Male,39,Haryana,Panipat,North,23-May-22,None,Retail,
143,Other,30,Haryana,Faridabad,North,8-Apr-25,Silver,Retail,
164,Female,38,Haryana,Panipat,North,20-Sep-24,None,Retail,
179,Female,61,Haryana,Panipat,North,9-May-22,Silver,Online,
201,Male,30,Haryana,Faridabad,North,10-Feb-23,None,Retail,
224,Other,49,Haryana,Gurugram,North,3-Feb-24,Gold,Online,
227,Male,22,Haryana,Faridabad,North,20-Sep-23,Silver,Online,
249,Male,66,Haryana,Faridabad,North,11-Oct-24,Platinum,Online,
284,Male,41,Haryana,Panipat,North,17-May-24,None,Online,
288,Female,41,Haryana,Faridabad,North,15-Jan-22,None,Online,
298,Male,69,Haryana,Gurugram,North,29-Jan-22,Silver,Online,
323,Male,20,Haryana,Faridabad,North,2-Jul-23,None,Online,
354,Other,54,Haryana,Panipat,North,5-Nov-22,Silver,Online,
356,Female,66,Haryana,Panipat,North,9-Jul-22,Platinum,Retail,
361,Other,24,Haryana,Gurugram,North,14-Mar-25,None,Online,
362,Female,24,Haryana,Faridabad,North,11-Feb-25,Gold,Retail,
381,Female,51,Haryana,Panipat,North,10-Jan-24,Silver,Online,
391,Female,65,Haryana,Gurugram,North,17-Oct-24,Silver,Online,
419,Male,53,Haryana,Gurugram,North,22-Jun-22,Silver,Retail,
421,Other,38,Haryana,Faridabad,North,15-Jan-25,None,Online,
438,Other,40,Haryana,Faridabad,North,30-Jul-23,None,Retail,
470,Other,45,Haryana,Gurugram,North,13-Sep-23,Silver,Online,
481,Other,33,Haryana,Panipat,North,20-Jun-22,Silver,Retail,
486,Female,50,Haryana,Gurugram,North,6-May-24,None,Retail,
501,Male,68,Haryana,Faridabad,North,9-May-22,Silver,Retail,
513,Male,68,Haryana,Faridabad,North,18-Oct-22,None,Retail,
522,Female,37,Haryana,Gurugram,North,17-Feb-25,None,Online,
541,Other,52,Haryana,Panipat,North,2-Nov-22,None,Retail,
544,Female,36,Haryana,Faridabad,North,24-Jul-24,None,Retail,
561,Female,69,Haryana,Faridabad,North,23-Oct-24,None,Online,
569,Other,21,Haryana,Faridabad,North,26-Feb-23,None,Retail,
571,Male,18,Haryana,Faridabad,North,29-Dec-22,None,Retail,
576,Female,67,Haryana,Faridabad,North,28-Feb-25,None,Online,
614,Male,20,Haryana,Gurugram,North,3-Mar-22,Gold,Retail,
627,Other,38,Haryana,Faridabad,North,4-Oct-22,Silver,Online,
647,Male,20,Haryana,Panipat,North,17-Aug-23,Gold,Retail,
653,Male,65,Haryana,Faridabad,North,18-Apr-22,None,Online,
655,Other,27,Haryana,Faridabad,North,6-Sep-24,None,Retail,
658,Other,50,Haryana,Gurugram,North,25-Jul-23,None,Online,
693,Female,24,Haryana,Gurugram,North,20-Jul-24,None,Retail,
704,Male,64,Haryana,Gurugram,North,20-Apr-22,Gold,Retail,
724,Female,47,Haryana,Gurugram,North,18-Nov-22,Silver,Retail,
726,Other,69,Haryana,Gurugram,North,29-Jun-22,Gold,Online,
729,Female,18,Haryana,Panipat,North,12-Feb-22,Silver,Online,
734,Male,64,Haryana,Panipat,North,28-Feb-24,None,Retail,
735,Male,38,Haryana,Panipat,North,12-Jul-22,Silver,Online,
772,Other,42,Haryana,Panipat,North,23-Mar-22,Silver,Retail,
823,Other,58,Haryana,Gurugram,North,21-Feb-22,Silver,Retail,
824,Male,28,Haryana,Gurugram,North,26-Dec-23,Silver,Retail,
844,Other,64,Haryana,Faridabad,North,4-Jan-22,Platinum,Retail,
857,Other,46,Haryana,Faridabad,North,25-Feb-25,Gold,Online,
891,Male,24,Haryana,Gurugram,North,5-Jun-23,None,Retail,
896,Other,34,Haryana,Faridabad,North,12-May-23,None,Retail,
898,Other,41,Haryana,Gurugram,North,30-Dec-22,None,Retail,
900,Female,49,Haryana,Gurugram,North,29-Mar-22,Silver,Online,
908,Other,41,Haryana,Panipat,North,14-Dec-22,Silver,Online,
909,Male,64,Haryana,Panipat,North,14-Jun-24,None,Online,
934,Other,34,Haryana,Panipat,North,24-Aug-24,None,Online,
945,Female,65,Haryana,Panipat,North,8-Jun-24,Silver,Online,
951,Female,31,Haryana,Faridabad,North,5-Jan-23,None,Retail,
963,Male,62,Haryana,Panipat,North,29-Jan-23,None,Online,
990,Other,35,Haryana,Panipat,North,30-Jun-23,Silver,Online,
992,Other,61,Haryana,Panipat,North,9-Oct-22,None,Retail,
994,Female,58,Haryana,Faridabad,North,27-Dec-23,None,Online,
1007,Other,32,Haryana,Faridabad,North,26-Jul-23,Silver,Online,
1017,Female,51,Haryana,Faridabad,North,2-Jan-22,Silver,Retail,
1025,Female,41,Haryana,Faridabad,North,2-Aug-22,Silver,Online,
1038,Male,64,Haryana,Panipat,North,17-Nov-22,None,Retail,
1050,Female,51,Haryana,Faridabad,North,15-Jun-24,None,Online,
1056,Female,46,Haryana,Faridabad,North,30-Jun-23,None,Retail,
1057,Female,60,Haryana,Panipat,North,22-Feb-22,Gold,Retail,
1078,Female,51,Haryana,Faridabad,North,4-Aug-22,None,Retail,
1079,Other,41,Haryana,Faridabad,North,6-Jan-25,None,Online,
1105,Male,34,Haryana,Panipat,North,25-Jun-23,None,Online,
1117,Male,66,Haryana,Panipat,North,24-Jul-23,Silver,Retail,
1130,Other,34,Haryana,Panipat,North,17-Feb-23,None,Retail,
1132,Other,20,Haryana,Gurugram,North,23-Sep-23,None,Retail,
1137,Other,64,Haryana,Panipat,North,8-Feb-22,None,Retail,
1144,Male,62,Haryana,Faridabad,North,1-Mar-25,Silver,Online,
1157,Female,43,Haryana,Gurugram,North,30-Sep-23,Silver,Retail,
1181,Other,46,Haryana,Gurugram,North,20-Mar-23,None,Retail,
1193,Other,60,Haryana,Panipat,North,10-Mar-25,None,Online,
5,Other,57,Punjab,Mohali,North,15-Aug-23,Silver,Online,
10,Other,51,Punjab,Amritsar,North,25-Jan-24,None,Retail,
16,Other,25,Punjab,Mohali,North,24-Mar-24,None,Online,
23,Female,48,Punjab,Mohali,North,20-Dec-22,Gold,Retail,
47,Other,55,Punjab,Ludhiana,North,31-Jan-25,Silver,Online,
94,Other,29,Punjab,Amritsar,North,2-Dec-22,None,Retail,
104,Female,56,Punjab,Mohali,North,18-Sep-24,None,Online,
122,Female,48,Punjab,Ludhiana,North,6-Aug-22,Gold,Online,
140,Other,63,Punjab,Mohali,North,25-Nov-22,None,Retail,
150,Female,60,Punjab,Ludhiana,North,18-Jan-23,Silver,Retail,
202,Female,37,Punjab,Amritsar,North,30-Aug-23,Platinum,Online,
210,Female,43,Punjab,Ludhiana,North,13-Jul-24,Platinum,Online,
239,Other,50,Punjab,Amritsar,North,21-Jul-22,None,Online,
258,Other,64,Punjab,Mohali,North,7-Sep-24,None,Online,
268,Female,55,Punjab,Mohali,North,31-Jul-22,Gold,Online,
271,Female,58,Punjab,Ludhiana,North,6-Jan-24,Silver,Retail,
293,Female,69,Punjab,Mohali,North,23-Feb-22,None,Retail,
295,Male,32,Punjab,Amritsar,North,22-Jul-24,None,Online,
311,Other,18,Punjab,Ludhiana,North,7-Jul-22,Silver,Online,
328,Male,50,Punjab,Amritsar,North,14-Apr-22,None,Online,
335,Male,68,Punjab,Mohali,North,18-Jun-24,None,Online,
377,Female,47,Punjab,Ludhiana,North,26-Feb-23,Silver,Online,
379,Male,54,Punjab,Amritsar,North,19-Oct-23,None,Online,
383,Other,58,Punjab,Mohali,North,16-Feb-23,Silver,Retail,
393,Female,45,Punjab,Ludhiana,North,19-Nov-22,Gold,Retail,
403,Other,35,Punjab,Amritsar,North,9-Aug-23,Platinum,Retail,
414,Female,36,Punjab,Amritsar,North,26-Aug-23,None,Retail,
424,Female,28,Punjab,Mohali,North,26-Jun-24,None,Online,
428,Other,61,Punjab,Ludhiana,North,9-Jan-25,None,Retail,
432,Male,69,Punjab,Mohali,North,21-Feb-24,Silver,Online,
442,Female,65,Punjab,Ludhiana,North,2-Feb-25,Gold,Retail,
443,Male,20,Punjab,Amritsar,North,29-Jan-24,None,Retail,
447,Male,48,Punjab,Amritsar,North,17-May-24,Silver,Online,
458,Male,46,Punjab,Ludhiana,North,23-Nov-24,Silver,Retail,
477,Female,27,Punjab,Ludhiana,North,8-Nov-22,None,Online,
478,Other,19,Punjab,Ludhiana,North,31-Dec-23,None,Retail,
548,Female,38,Punjab,Amritsar,North,18-May-22,None,Online,
554,Male,55,Punjab,Mohali,North,25-May-23,Silver,Online,
568,Female,36,Punjab,Ludhiana,North,9-Apr-22,Silver,Online,
585,Other,56,Punjab,Ludhiana,North,16-Sep-22,None,Online,
598,Other,42,Punjab,Ludhiana,North,13-Feb-25,None,Online,
613,Other,23,Punjab,Mohali,North,19-Dec-22,None,Online,
616,Female,21,Punjab,Amritsar,North,27-Mar-25,Silver,Online,
618,Male,44,Punjab,Ludhiana,North,6-Aug-24,None,Retail,
623,Other,21,Punjab,Amritsar,North,13-Dec-24,Silver,Retail,
665,Male,50,Punjab,Ludhiana,North,4-Jul-23,None,Retail,
680,Male,39,Punjab,Mohali,North,2-Feb-24,None,Retail,
695,Other,54,Punjab,Mohali,North,14-Mar-22,None,Retail,
706,Female,45,Punjab,Amritsar,North,18-Jul-22,None,Retail,
730,Other,59,Punjab,Mohali,North,7-Mar-23,Gold,Retail,
733,Other,22,Punjab,Ludhiana,North,15-Jul-24,Gold,Retail,
738,Other,68,Punjab,Mohali,North,15-Nov-22,Silver,Retail,
747,Other,37,Punjab,Ludhiana,North,11-May-23,Gold,Online,
778,Female,53,Punjab,Amritsar,North,26-Feb-22,Gold,Online,
780,Male,67,Punjab,Mohali,North,22-May-24,Platinum,Online,
784,Other,63,Punjab,Amritsar,North,17-Feb-23,Gold,Online,
788,Female,45,Punjab,Ludhiana,North,10-Mar-22,None,Retail,
798,Other,33,Punjab,Mohali,North,11-Jan-23,None,Retail,
840,Other,30,Punjab,Mohali,North,4-Feb-23,None,Retail,
845,Female,58,Punjab,Amritsar,North,30-Jan-23,None,Retail,
863,Other,34,Punjab,Mohali,North,3-Jan-25,Silver,Online,
872,Male,42,Punjab,Mohali,North,4-Oct-24,None,Retail,
882,Male,29,Punjab,Amritsar,North,10-Sep-22,Silver,Online,
887,Male,69,Punjab,Mohali,North,3-Dec-22,Silver,Online,
892,Female,25,Punjab,Mohali,North,3-Aug-24,Silver,Online,
903,Other,35,Punjab,Mohali,North,29-Oct-23,None,Retail,
904,Male,27,Punjab,Mohali,North,19-Apr-22,Gold,Retail,
947,Female,46,Punjab,Mohali,North,18-Oct-23,Platinum,Retail,
950,Male,49,Punjab,Mohali,North,13-Jun-24,Silver,Retail,
957,Male,19,Punjab,Ludhiana,North,10-Oct-23,Gold,Online,
965,Female,46,Punjab,Mohali,North,25-Apr-24,Gold,Online,
970,Other,65,Punjab,Amritsar,North,19-Feb-25,Silver,Online,
983,Other,48,Punjab,Mohali,North,12-Mar-23,Gold,Online,
1005,Other,25,Punjab,Ludhiana,North,8-Dec-23,None,Online,
1011,Female,61,Punjab,Amritsar,North,22-Nov-23,Silver,Retail,
1012,Male,27,Punjab,Mohali,North,6-Jul-22,Gold,Online,
1024,Female,34,Punjab,Amritsar,North,23-Dec-22,Silver,Online,
1045,Female,20,Punjab,Amritsar,North,30-Sep-22,Gold,Retail,
1064,Other,57,Punjab,Ludhiana,North,7-May-24,None,Online,
1089,Male,47,Punjab,Ludhiana,North,14-Jun-24,None,Online,
1103,Male,32,Punjab,Mohali,North,8-Jun-22,None,Online,
1106,Male,47,Punjab,Mohali,North,7-Feb-24,None,Online,
1108,Female,21,Punjab,Amritsar,North,11-Mar-23,Silver,Retail,
1126,Female,39,Punjab,Ludhiana,North,18-Sep-23,None,Online,
1131,Female,36,Punjab,Mohali,North,21-Oct-22,Gold,Online,
1145,Other,57,Punjab,Ludhiana,North,5-May-22,None,Retail,
1168,Male,48,Punjab,Mohali,North,24-Nov-23,None,Retail,
1170,Other,39,Punjab,Mohali,North,12-Jun-23,None,Online,
1196,Female,52,Punjab,Mohali,North,5-Apr-25,None,Retail,
17,Male,23,Uttar Pradesh,Ghaziabad,North,30-Jul-22,None,Retail,
31,Other,66,Uttar Pradesh,Lucknow,North,13-Jul-22,Gold,Retail,
67,Female,64,Uttar Pradesh,Ghaziabad,North,20-Apr-22,Silver,Online,
93,Other,18,Uttar Pradesh,Noida,North,29-Jul-22,None,Retail,
100,Other,48,Uttar Pradesh,Ghaziabad,North,16-May-23,Silver,Online,
109,Male,33,Uttar Pradesh,Noida,North,8-Jun-22,Silver,Retail,
147,Male,21,Uttar Pradesh,Lucknow,North,25-Jul-23,None,Retail,
186,Other,59,Uttar Pradesh,Lucknow,North,27-Nov-23,Gold,Retail,
191,Other,45,Uttar Pradesh,Lucknow,North,23-Jan-23,None,Online,
199,Female,42,Uttar Pradesh,Ghaziabad,North,18-Jul-22,None,Retail,
230,Female,67,Uttar Pradesh,Ghaziabad,North,23-Jul-22,Gold,Retail,
246,Female,59,Uttar Pradesh,Ghaziabad,North,14-Sep-23,None,Retail,
290,Male,65,Uttar Pradesh,Ghaziabad,North,4-Jun-24,Silver,Retail,
299,Male,52,Uttar Pradesh,Ghaziabad,North,13-Jun-22,Gold,Retail,
310,Male,19,Uttar Pradesh,Lucknow,North,7-Jan-22,None,Retail,
325,Other,24,Uttar Pradesh,Ghaziabad,North,16-Apr-24,Gold,Online,
350,Male,25,Uttar Pradesh,Noida,North,25-Oct-22,Platinum,Online,
382,Female,34,Uttar Pradesh,Ghaziabad,North,23-Oct-22,Gold,Online,
384,Male,46,Uttar Pradesh,Lucknow,North,25-Aug-22,Platinum,Online,
388,Female,44,Uttar Pradesh,Noida,North,27-Aug-24,Gold,Online,
409,Female,62,Uttar Pradesh,Noida,North,14-May-23,Gold,Retail,
413,Male,24,Uttar Pradesh,Lucknow,North,2-Sep-23,None,Retail,
420,Male,54,Uttar Pradesh,Lucknow,North,22-Jun-24,None,Retail,
433,Other,25,Uttar Pradesh,Noida,North,27-Aug-23,None,Retail,
435,Other,38,Uttar Pradesh,Noida,North,30-Jan-23,Silver,Retail,
437,Male,57,Uttar Pradesh,Noida,North,19-Feb-22,Gold,Retail,
444,Female,30,Uttar Pradesh,Ghaziabad,North,20-Aug-22,None,Online,
471,Other,23,Uttar Pradesh,Noida,North,27-Jan-22,Silver,Online,
475,Male,27,Uttar Pradesh,Noida,North,11-Jan-22,None,Retail,
485,Other,54,Uttar Pradesh,Lucknow,North,23-Sep-23,Platinum,Online,
487,Male,69,Uttar Pradesh,Noida,North,21-Aug-24,None,Retail,
493,Male,68,Uttar Pradesh,Lucknow,North,19-Jan-24,None,Retail,
502,Male,69,Uttar Pradesh,Ghaziabad,North,4-Jul-22,None,Retail,
515,Other,59,Uttar Pradesh,Ghaziabad,North,19-Feb-24,Silver,Retail,
521,Male,19,Uttar Pradesh,Lucknow,North,8-Mar-22,Gold,Online,
528,Male,63,Uttar Pradesh,Lucknow,North,6-Jun-24,None,Retail,
535,Male,18,Uttar Pradesh,Lucknow,North,16-Feb-25,None,Retail,
537,Other,53,Uttar Pradesh,Ghaziabad,North,29-Sep-23,None,Retail,
551,Other,27,Uttar Pradesh,Ghaziabad,North,26-Mar-24,None,Online,
573,Female,50,Uttar Pradesh,Lucknow,North,22-Nov-24,Silver,Online,
593,Female,32,Uttar Pradesh,Ghaziabad,North,14-Mar-22,Silver,Retail,
600,Female,53,Uttar Pradesh,Lucknow,North,3-Nov-22,None,Online,
603,Other,58,Uttar Pradesh,Ghaziabad,North,19-Jul-23,None,Retail,
609,Other,44,Uttar Pradesh,Lucknow,North,26-Jan-25,None,Online,
615,Other,30,Uttar Pradesh,Noida,North,18-Nov-23,Silver,Retail,
626,Male,33,Uttar Pradesh,Ghaziabad,North,12-Aug-23,Silver,Retail,
636,Female,40,Uttar Pradesh,Ghaziabad,North,24-Oct-23,None,Retail,
651,Female,20,Uttar Pradesh,Lucknow,North,18-Jan-23,Gold,Online,
672,Other,49,Uttar Pradesh,Ghaziabad,North,27-Dec-24,Silver,Online,
717,Male,63,Uttar Pradesh,Ghaziabad,North,3-Oct-24,Silver,Online,
762,Female,37,Uttar Pradesh,Lucknow,North,23-Aug-24,Gold,Retail,
763,Female,55,Uttar Pradesh,Ghaziabad,North,22-Jan-25,Silver,Online,
765,Other,38,Uttar Pradesh,Ghaziabad,North,22-Jan-24,Gold,Online,
785,Male,32,Uttar Pradesh,Lucknow,North,28-Jul-23,None,Retail,
789,Other,42,Uttar Pradesh,Noida,North,30-Jun-23,Gold,Online,
805,Male,21,Uttar Pradesh,Lucknow,North,8-May-23,Gold,Retail,
818,Female,56,Uttar Pradesh,Noida,North,6-Jun-24,None,Online,
826,Other,24,Uttar Pradesh,Lucknow,North,7-Oct-22,None,Online,
839,Female,45,Uttar Pradesh,Noida,North,13-May-24,Silver,Online,
874,Male,65,Uttar Pradesh,Ghaziabad,North,29-Mar-24,Silver,Retail,
889,Female,21,Uttar Pradesh,Noida,North,23-Apr-23,Platinum,Online,
895,Other,65,Uttar Pradesh,Ghaziabad,North,17-Feb-24,Silver,Online,
916,Male,37,Uttar Pradesh,Lucknow,North,31-May-24,Silver,Online,
923,Other,39,Uttar Pradesh,Noida,North,16-Aug-22,Gold,Retail,
933,Other,19,Uttar Pradesh,Lucknow,North,30-Nov-24,Silver,Online,
938,Male,30,Uttar Pradesh,Lucknow,North,31-Dec-24,Silver,Retail,
941,Male,32,Uttar Pradesh,Ghaziabad,North,8-Jul-24,None,Retail,
972,Female,61,Uttar Pradesh,Noida,North,28-Jan-25,Platinum,Online,
973,Female,68,Uttar Pradesh,Noida,North,26-Jan-22,Gold,Retail,
982,Other,31,Uttar Pradesh,Noida,North,9-Jul-23,Platinum,Online,
1067,Male,29,Uttar Pradesh,Lucknow,North,21-Jan-24,None,Online,
1073,Other,27,Uttar Pradesh,Ghaziabad,North,22-Feb-22,Silver,Retail,
1080,Male,38,Uttar Pradesh,Noida,North,9-Aug-22,None,Retail,
1083,Other,63,Uttar Pradesh,Ghaziabad,North,30-Jun-23,Silver,Retail,
1110,Female,29,Uttar Pradesh,Ghaziabad,North,19-Dec-23,None,Online,
1111,Female,64,Uttar Pradesh,Noida,North,17-Jul-24,Silver,Retail,
1127,Male,27,Uttar Pradesh,Lucknow,North,4-Apr-22,Silver,Retail,
1129,Other,62,Uttar Pradesh,Ghaziabad,North,5-Aug-22,None,Online,
1169,Other,36,Uttar Pradesh,Noida,North,11-Mar-24,Silver,Online,
8,Female,50,Delhi,Dwarka,North,18-Jun-22,None,Retail,
15,Female,35,Delhi,Saket,North,3-Mar-24,None,Retail,
22,Male,36,Delhi,Saket,North,5-Jan-24,None,Retail,
30,Male,43,Delhi,Rohini,North,14-Jun-23,Platinum,Retail,
37,Other,40,Delhi,Rohini,North,8-Dec-22,None,Retail,
55,Female,61,Delhi,Dwarka,North,7-Jul-23,None,Online,
69,Male,64,Delhi,Saket,North,26-Sep-22,Gold,Online,
74,Other,52,Delhi,Rohini,North,8-May-23,Silver,Online,
80,Female,30,Delhi,Dwarka,North,8-Feb-22,None,Retail,
102,Male,59,Delhi,New Delhi,North,31-Jan-22,None,Retail,
105,Male,24,Delhi,New Delhi,North,5-Jun-23,Silver,Online,
106,Male,24,Delhi,Rohini,North,12-Nov-23,Silver,Online,
132,Male,45,Delhi,New Delhi,North,7-Jul-24,Platinum,Online,
162,Other,48,Delhi,Dwarka,North,12-Sep-23,Gold,Online,
181,Other,66,Delhi,Rohini,North,7-Apr-24,Gold,Online,
183,Female,61,Delhi,Saket,North,18-Aug-24,Silver,Retail,
198,Other,25,Delhi,Rohini,North,5-Jun-23,None,Retail,
214,Male,51,Delhi,Dwarka,North,31-Aug-22,Silver,Retail,
252,Male,22,Delhi,Saket,North,9-Aug-23,None,Online,
253,Female,52,Delhi,New Delhi,North,24-May-24,Silver,Online,
255,Other,58,Delhi,Rohini,North,7-Sep-22,None,Online,
280,Female,24,Delhi,Saket,North,28-Jul-23,Silver,Online,
302,Female,64,Delhi,Rohini,North,2-Nov-24,Silver,Retail,
324,Female,28,Delhi,New Delhi,North,17-May-22,Gold,Online,
327,Male,56,Delhi,Dwarka,North,20-Oct-23,Gold,Online,
333,Other,32,Delhi,Dwarka,North,30-Apr-22,None,Retail,
389,Other,56,Delhi,Saket,North,1-Nov-23,None,Retail,
395,Other,34,Delhi,Saket,North,16-Sep-23,Silver,Online,
429,Male,69,Delhi,Dwarka,North,23-Feb-25,Silver,Online,
452,Male,51,Delhi,Rohini,North,30-Oct-23,Gold,Online,
456,Female,21,Delhi,Rohini,North,19-May-24,None,Online,
461,Female,43,Delhi,Dwarka,North,30-Sep-23,None,Online,
468,Male,35,Delhi,Rohini,North,1-Dec-23,None,Retail,
488,Male,50,Delhi,Saket,North,20-Nov-24,Gold,Online,
516,Female,22,Delhi,Dwarka,North,24-Sep-22,None,Online,
520,Male,60,Delhi,Rohini,North,14-Oct-22,Gold,Online,
617,Male,41,Delhi,Rohini,North,13-Nov-22,Platinum,Online,
631,Male,62,Delhi,Saket,North,15-Jul-22,Silver,Retail,
663,Female,18,Delhi,Rohini,North,3-Dec-22,Silver,Retail,
664,Male,62,Delhi,Saket,North,2-Oct-23,Silver,Retail,
675,Other,60,Delhi,Dwarka,North,28-Jun-22,Platinum,Retail,
691,Male,64,Delhi,New Delhi,North,27-Jun-22,None,Retail,
696,Other,26,Delhi,New Delhi,North,11-Aug-24,None,Retail,
698,Female,69,Delhi,New Delhi,North,14-Nov-22,Gold,Online,
701,Female,69,Delhi,Dwarka,North,25-Nov-23,None,Online,
707,Male,50,Delhi,Saket,North,7-Aug-22,Gold,Retail,
716,Male,30,Delhi,New Delhi,North,13-Oct-24,Silver,Retail,
719,Other,49,Delhi,Dwarka,North,11-Aug-22,None,Retail,
744,Male,42,Delhi,Rohini,North,21-Nov-24,Silver,Online,
758,Female,28,Delhi,Saket,North,2-Jun-23,None,Retail,
781,Other,30,Delhi,Saket,North,26-Aug-22,None,Retail,
786,Male,28,Delhi,New Delhi,North,16-Mar-25,None,Online,
812,Other,46,Delhi,Saket,North,18-Sep-23,Gold,Online,
819,Female,33,Delhi,Dwarka,North,14-Oct-24,None,Retail,
820,Other,37,Delhi,Saket,North,29-Sep-24,None,Online,
848,Other,45,Delhi,New Delhi,North,17-Apr-23,None,Online,
860,Female,19,Delhi,Rohini,North,2-Apr-23,Silver,Online,
868,Female,27,Delhi,New Delhi,North,4-Oct-24,None,Retail,
899,Other,52,Delhi,New Delhi,North,29-Feb-24,None,Retail,
912,Other,45,Delhi,Dwarka,North,20-Jun-24,Gold,Online,
914,Other,33,Delhi,Saket,North,10-Mar-23,None,Retail,
943,Male,32,Delhi,Dwarka,North,4-Dec-22,Silver,Retail,
948,Male,54,Delhi,Dwarka,North,11-Jul-24,None,Online,
961,Other,41,Delhi,Rohini,North,31-Jul-22,Silver,Retail,
985,Female,29,Delhi,Dwarka,North,28-Feb-24,Silver,Online,
989,Male,18,Delhi,New Delhi,North,17-Feb-22,None,Online,
1003,Other,69,Delhi,Saket,North,30-Jan-24,Silver,Retail,
1008,Other,64,Delhi,Rohini,North,26-Sep-22,None,Online,
1009,Other,52,Delhi,Rohini,North,28-Jun-23,None,Online,
1043,Male,45,Delhi,Saket,North,3-Dec-22,None,Retail,
1049,Female,19,Delhi,Rohini,North,10-Feb-23,None,Retail,
1059,Female,38,Delhi,Saket,North,17-Oct-23,Silver,Retail,
1072,Other,27,Delhi,Dwarka,North,14-Jul-22,Silver,Retail,
1088,Female,56,Delhi,New Delhi,North,8-Jan-22,None,Retail,
1098,Other,39,Delhi,New Delhi,North,7-Nov-22,Gold,Online,
1146,Other,60,Delhi,Rohini,North,10-Apr-24,Silver,Online,
1152,Other,67,Delhi,New Delhi,North,14-Apr-22,Silver,Retail,
1187,Other,55,Delhi,Saket,North,8-Mar-25,Silver,Online,
1190,Male,47,Delhi,Saket,North,28-Jun-24,Silver,Retail,
1192,Male,31,Delhi,Dwarka,North,24-Sep-23,None,Online,
18,Other,48,Tamil Nadu,Madurai,South,10-Aug-24,Silver,Retail,
70,Other,64,Tamil Nadu,Coimbatore,South,20-May-22,None,Retail,
72,Male,34,Tamil Nadu,Chennai,South,27-Jan-22,Silver,Retail,
82,Other,61,Tamil Nadu,Chennai,South,6-Dec-24,None,Online,
90,Other,68,Tamil Nadu,Chennai,South,23-Aug-23,None,Online,
97,Male,24,Tamil Nadu,Coimbatore,South,22-Dec-22,None,Retail,
127,Female,18,Tamil Nadu,Chennai,South,7-Mar-24,None,Online,
146,Other,23,Tamil Nadu,Madurai,South,23-Nov-24,Gold,Online,
156,Other,25,Tamil Nadu,Chennai,South,1-Jul-23,Silver,Retail,
160,Male,27,Tamil Nadu,Coimbatore,South,24-Sep-24,Gold,Retail,
165,Female,34,Tamil Nadu,Madurai,South,27-Mar-25,None,Online,
173,Male,47,Tamil Nadu,Chennai,South,12-Feb-25,None,Retail,
176,Other,37,Tamil Nadu,Madurai,South,15-Jan-25,None,Online,
189,Other,58,Tamil Nadu,Coimbatore,South,5-Jun-24,None,Online,
244,Other,45,Tamil Nadu,Chennai,South,23-May-24,None,Retail,
276,Female,67,Tamil Nadu,Madurai,South,24-May-23,Gold,Retail,
285,Other,60,Tamil Nadu,Madurai,South,2-Jun-23,Silver,Retail,
316,Other,62,Tamil Nadu,Coimbatore,South,21-Oct-22,Gold,Online,
318,Other,59,Tamil Nadu,Madurai,South,7-Mar-25,Silver,Online,
336,Other,49,Tamil Nadu,Coimbatore,South,4-Sep-23,None,Retail,
343,Male,22,Tamil Nadu,Chennai,South,13-Jul-24,Silver,Retail,
348,Male,51,Tamil Nadu,Coimbatore,South,13-Nov-24,Silver,Online,
352,Male,33,Tamil Nadu,Madurai,South,18-May-23,None,Online,
360,Other,42,Tamil Nadu,Chennai,South,5-Jun-22,None,Retail,
378,Other,47,Tamil Nadu,Coimbatore,South,9-Dec-23,None,Retail,
440,Other,25,Tamil Nadu,Chennai,South,3-Jan-23,Silver,Retail,
464,Female,44,Tamil Nadu,Madurai,South,2-Jun-23,Silver,Online,
518,Other,59,Tamil Nadu,Coimbatore,South,16-Nov-22,Silver,Retail,
531,Male,20,Tamil Nadu,Madurai,South,25-Dec-24,Silver,Online,
536,Male,44,Tamil Nadu,Chennai,South,12-Nov-22,Silver,Retail,
547,Female,48,Tamil Nadu,Chennai,South,23-Jun-23,Silver,Online,
556,Male,69,Tamil Nadu,Coimbatore,South,5-Feb-24,None,Retail,
557,Female,33,Tamil Nadu,Coimbatore,South,19-Jul-24,None,Online,
560,Female,47,Tamil Nadu,Chennai,South,13-Aug-22,None,Retail,
562,Other,54,Tamil Nadu,Coimbatore,South,31-May-24,Gold,Online,
564,Other,38,Tamil Nadu,Madurai,South,18-Aug-23,Silver,Online,
577,Other,57,Tamil Nadu,Chennai,South,27-Aug-23,Silver,Online,
611,Female,19,Tamil Nadu,Chennai,South,30-Jan-25,None,Online,
646,Male,66,Tamil Nadu,Madurai,South,3-Aug-23,None,Retail,
649,Male,55,Tamil Nadu,Madurai,South,18-Aug-22,Silver,Online,
657,Female,23,Tamil Nadu,Chennai,South,27-Apr-24,None,Online,
659,Female,30,Tamil Nadu,Madurai,South,17-Apr-22,Silver,Online,
666,Male,26,Tamil Nadu,Madurai,South,12-Dec-24,None,Online,
674,Other,36,Tamil Nadu,Chennai,South,30-May-24,None,Online,
708,Male,32,Tamil Nadu,Coimbatore,South,15-May-24,None,Online,
732,Other,39,Tamil Nadu,Madurai,South,1-Feb-25,None,Online,
745,Female,56,Tamil Nadu,Chennai,South,13-Feb-24,None,Online,
760,Male,19,Tamil Nadu,Madurai,South,10-Sep-22,None,Online,
771,Female,66,Tamil Nadu,Madurai,South,29-Aug-23,Gold,Online,
782,Female,23,Tamil Nadu,Madurai,South,22-Jul-23,Silver,Online,
792,Other,43,Tamil Nadu,Madurai,South,18-Apr-22,None,Online,
802,Male,69,Tamil Nadu,Madurai,South,7-Jan-24,None,Retail,
803,Female,69,Tamil Nadu,Madurai,South,2-Mar-23,Gold,Retail,
843,Male,66,Tamil Nadu,Chennai,South,31-Mar-22,None,Online,
849,Male,45,Tamil Nadu,Madurai,South,17-Sep-24,None,Retail,
850,Male,40,Tamil Nadu,Coimbatore,South,10-Mar-23,None,Online,
869,Other,69,Tamil Nadu,Chennai,South,21-Jun-22,None,Retail,
890,Female,41,Tamil Nadu,Coimbatore,South,15-Aug-24,Platinum,Retail,
919,Other,47,Tamil Nadu,Chennai,South,29-Jun-22,Silver,Online,
931,Female,52,Tamil Nadu,Coimbatore,South,29-May-24,None,Retail,
946,Male,28,Tamil Nadu,Madurai,South,26-Feb-25,None,Online,
953,Male,34,Tamil Nadu,Coimbatore,South,11-May-24,Silver,Retail,
956,Other,53,Tamil Nadu,Chennai,South,16-Oct-23,None,Online,
997,Male,69,Tamil Nadu,Chennai,South,10-Dec-22,Silver,Online,
1001,Female,50,Tamil Nadu,Madurai,South,19-Nov-24,Silver,Retail,
1004,Female,21,Tamil Nadu,Madurai,South,31-Jan-25,Silver,Retail,
1010,Female,23,Tamil Nadu,Chennai,South,3-May-24,None,Online,
1029,Female,36,Tamil Nadu,Chennai,South,24-Jan-23,Silver,Retail,
1033,Male,39,Tamil Nadu,Chennai,South,19-Apr-23,None,Online,
1052,Other,26,Tamil Nadu,Coimbatore,South,1-Feb-22,None,Retail,
1053,Female,25,Tamil Nadu,Coimbatore,South,20-Mar-22,Silver,Retail,
1062,Female,57,Tamil Nadu,Coimbatore,South,30-Aug-22,Silver,Retail,
1075,Female,38,Tamil Nadu,Coimbatore,South,18-Apr-24,None,Retail,
1099,Other,57,Tamil Nadu,Coimbatore,South,5-May-22,None,Retail,
1143,Other,24,Tamil Nadu,Coimbatore,South,28-Aug-22,None,Retail,
1156,Female,68,Tamil Nadu,Chennai,South,27-Jan-23,Silver,Online,
1166,Female,23,Tamil Nadu,Chennai,South,16-Aug-24,Silver,Online,
1167,Female,63,Tamil Nadu,Coimbatore,South,7-Feb-22,None,Online,
1171,Male,40,Tamil Nadu,Chennai,South,18-Aug-24,None,Retail,
2,Other,48,Karnataka,Bengaluru,South,19-Oct-23,None,Online,
4,Other,62,Karnataka,Mangaluru,South,24-Jan-22,None,Online,
21,Female,48,Karnataka,Mangaluru,South,21-Jun-23,None,Retail,
38,Other,19,Karnataka,Mangaluru,South,13-Mar-23,Silver,Retail,
44,Male,52,Karnataka,Mangaluru,South,23-May-22,Silver,Retail,
45,Female,32,Karnataka,Mysuru,South,20-Oct-22,None,Online,
49,Male,23,Karnataka,Bengaluru,South,8-Jan-24,Silver,Online,
53,Male,46,Karnataka,Mysuru,South,19-Oct-23,None,Online,
62,Other,66,Karnataka,Mangaluru,South,5-Aug-22,None,Retail,
71,Other,44,Karnataka,Mangaluru,South,18-Jul-23,Gold,Retail,
114,Other,66,Karnataka,Mysuru,South,22-Aug-23,None,Online,
142,Female,30,Karnataka,Bengaluru,South,19-Nov-22,Gold,Online,
154,Other,26,Karnataka,Bengaluru,South,7-Jul-22,None,Retail,
163,Other,53,Karnataka,Bengaluru,South,21-Aug-24,Silver,Online,
168,Other,62,Karnataka,Bengaluru,South,6-Oct-23,None,Online,
200,Male,39,Karnataka,Mangaluru,South,27-Dec-23,Silver,Online,
209,Other,65,Karnataka,Mangaluru,South,22-Oct-24,Gold,Online,
216,Other,45,Karnataka,Mysuru,South,8-Jul-24,None,Retail,
220,Female,28,Karnataka,Mysuru,South,18-Dec-23,None,Retail,
229,Other,25,Karnataka,Bengaluru,South,25-Feb-25,Gold,Retail,
247,Female,43,Karnataka,Bengaluru,South,10-Oct-22,None,Online,
296,Other,61,Karnataka,Mysuru,South,21-Feb-22,None,Online,
301,Other,22,Karnataka,Bengaluru,South,27-Mar-24,None,Online,
312,Female,20,Karnataka,Mangaluru,South,10-Sep-24,Platinum,Online,
330,Male,26,Karnataka,Mangaluru,South,2-Sep-24,None,Retail,
331,Other,56,Karnataka,Mysuru,South,5-Mar-22,Gold,Retail,
345,Other,68,Karnataka,Mysuru,South,12-Dec-23,Silver,Retail,
385,Male,40,Karnataka,Mysuru,South,28-Sep-23,None,Retail,
406,Male,56,Karnataka,Bengaluru,South,19-Dec-24,None,Retail,
411,Female,25,Karnataka,Mangaluru,South,15-Oct-22,None,Retail,
430,Female,46,Karnataka,Bengaluru,South,29-Aug-22,None,Online,
445,Other,33,Karnataka,Bengaluru,South,22-Aug-22,Gold,Online,
490,Male,57,Karnataka,Bengaluru,South,21-Feb-24,None,Online,
492,Male,55,Karnataka,Mangaluru,South,8-Dec-22,None,Online,
494,Other,58,Karnataka,Mangaluru,South,7-Jul-23,None,Retail,
495,Male,63,Karnataka,Mysuru,South,31-Mar-22,Platinum,Online,
500,Female,52,Karnataka,Bengaluru,South,16-May-23,Gold,Online,
503,Other,32,Karnataka,Mysuru,South,12-Sep-24,None,Retail,
508,Other,20,Karnataka,Bengaluru,South,2-Sep-23,None,Retail,
509,Other,58,Karnataka,Mangaluru,South,1-Mar-25,Silver,Retail,
510,Female,43,Karnataka,Mangaluru,South,16-Nov-24,Silver,Retail,
570,Other,28,Karnataka,Mysuru,South,28-Oct-23,None,Retail,
590,Other,34,Karnataka,Mysuru,South,1-Aug-22,Gold,Online,
592,Male,63,Karnataka,Mysuru,South,2-Jan-22,None,Retail,
606,Female,23,Karnataka,Mangaluru,South,28-May-23,None,Retail,
619,Female,34,Karnataka,Mangaluru,South,27-Feb-22,None,Retail,
630,Male,23,Karnataka,Mangaluru,South,13-May-23,Gold,Retail,
635,Male,35,Karnataka,Mysuru,South,8-May-23,None,Online,
638,Male,61,Karnataka,Mysuru,South,28-Sep-23,Silver,Online,
648,Other,41,Karnataka,Mangaluru,South,2-Nov-24,Silver,Retail,
678,Other,49,Karnataka,Mysuru,South,22-Dec-22,Silver,Online,
711,Other,33,Karnataka,Mangaluru,South,17-Feb-23,None,Online,
731,Other,45,Karnataka,Mangaluru,South,29-May-23,Gold,Retail,
750,Female,56,Karnataka,Bengaluru,South,3-Oct-23,Silver,Retail,
767,Male,49,Karnataka,Bengaluru,South,17-Nov-23,None,Online,
783,Male,57,Karnataka,Mysuru,South,3-Dec-23,Gold,Retail,
790,Female,31,Karnataka,Mysuru,South,3-Jun-22,Silver,Online,
794,Male,51,Karnataka,Mangaluru,South,19-Mar-24,Silver,Retail,
797,Other,31,Karnataka,Mysuru,South,12-Jun-22,Gold,Retail,
814,Female,31,Karnataka,Mangaluru,South,30-Jun-23,None,Retail,
828,Female,23,Karnataka,Mangaluru,South,7-Apr-23,None,Online,
834,Male,30,Karnataka,Mangaluru,South,20-Nov-24,Silver,Online,
846,Female,44,Karnataka,Mangaluru,South,5-Dec-22,None,Online,
893,Other,50,Karnataka,Bengaluru,South,20-Aug-23,Silver,Retail,
907,Other,20,Karnataka,Mangaluru,South,31-Mar-25,Silver,Retail,
918,Other,38,Karnataka,Bengaluru,South,9-Dec-24,None,Retail,
942,Other,25,Karnataka,Mysuru,South,3-Dec-22,Gold,Online,
944,Male,53,Karnataka,Bengaluru,South,2-Jan-25,Silver,Online,
949,Female,67,Karnataka,Mysuru,South,30-Nov-23,None,Retail,
952,Other,50,Karnataka,Bengaluru,South,18-Mar-22,Silver,Retail,
966,Male,43,Karnataka,Mysuru,South,16-Jun-23,None,Retail,
967,Other,50,Karnataka,Bengaluru,South,2-Sep-24,None,Retail,
976,Male,57,Karnataka,Bengaluru,South,7-May-22,None,Online,
984,Other,39,Karnataka,Mysuru,South,10-Dec-22,Platinum,Retail,
1014,Other,46,Karnataka,Bengaluru,South,20-Oct-22,Silver,Online,
1048,Other,58,Karnataka,Bengaluru,South,29-Apr-22,None,Online,
1065,Female,42,Karnataka,Bengaluru,South,6-Jan-23,None,Online,
1085,Male,29,Karnataka,Bengaluru,South,22-Jul-23,None,Online,
1087,Male,33,Karnataka,Mysuru,South,30-Oct-22,None,Online,
1096,Other,43,Karnataka,Mysuru,South,14-Jan-24,Silver,Online,
1104,Female,45,Karnataka,Bengaluru,South,14-Jul-22,None,Retail,
1128,Other,25,Karnataka,Bengaluru,South,21-Feb-24,Silver,Online,
1159,Female,68,Karnataka,Bengaluru,South,21-Feb-25,Silver,Retail,
1164,Other,34,Karnataka,Bengaluru,South,18-Sep-22,None,Online,
1175,Other,38,Karnataka,Mysuru,South,16-Jul-24,Platinum,Online,
1177,Female,41,Karnataka,Mangaluru,South,9-Mar-25,Silver,Online,
1199,Other,38,Karnataka,Mangaluru,South,5-May-22,Platinum,Online,
1,Male,33,Kerala,Kochi,South,28-Aug-24,Silver,Online,
28,Male,22,Kerala,Kozhikode,South,28-Nov-22,Silver,Retail,
32,Other,47,Kerala,Kozhikode,South,13-Oct-23,None,Retail,
46,Female,52,Kerala,Thiruvananthapuram,South,26-May-24,None,Retail,
59,Female,33,Kerala,Kochi,South,17-Jan-24,None,Online,
61,Other,31,Kerala,Kozhikode,South,4-Apr-25,Silver,Retail,
68,Female,56,Kerala,Kozhikode,South,11-Oct-24,Gold,Online,
78,Female,31,Kerala,Kochi,South,7-Jan-22,Silver,Retail,
95,Other,24,Kerala,Thiruvananthapuram,South,22-Jan-22,Silver,Online,
124,Male,59,Kerala,Thiruvananthapuram,South,3-Jun-23,Gold,Online,
137,Male,37,Kerala,Thiruvananthapuram,South,16-Jan-25,Silver,Retail,
139,Other,51,Kerala,Thiruvananthapuram,South,1-Mar-25,None,Online,
158,Male,19,Kerala,Thiruvananthapuram,South,30-Apr-24,Gold,Retail,
167,Female,63,Kerala,Kochi,South,9-Aug-24,Silver,Online,
184,Other,64,Kerala,Thiruvananthapuram,South,15-Oct-22,None,Online,
188,Male,51,Kerala,Thiruvananthapuram,South,10-Jan-24,None,Online,
190,Male,24,Kerala,Kozhikode,South,18-Sep-24,Silver,Retail,
207,Female,33,Kerala,Kochi,South,9-Aug-24,Gold,Retail,
217,Female,50,Kerala,Kochi,South,28-Mar-22,Gold,Online,
219,Other,56,Kerala,Thiruvananthapuram,South,12-Feb-22,None,Retail,
225,Other,22,Kerala,Kochi,South,17-Jan-24,None,Online,
226,Other,55,Kerala,Kochi,South,28-Nov-23,Silver,Retail,
233,Other,58,Kerala,Kozhikode,South,10-Apr-25,Platinum,Retail,
237,Female,48,Kerala,Kochi,South,2-Mar-22,None,Retail,
248,Other,49,Kerala,Kozhikode,South,16-Jun-22,Platinum,Online,
282,Female,53,Kerala,Kochi,South,16-Oct-23,None,Retail,
303,Other,19,Kerala,Kozhikode,South,23-Oct-22,Silver,Retail,
304,Male,30,Kerala,Thiruvananthapuram,South,28-Jun-23,None,Retail,
314,Male,59,Kerala,Kozhikode,South,1-Mar-25,Silver,Retail,
320,Male,58,Kerala,Thiruvananthapuram,South,12-Oct-24,Silver,Online,
321,Female,54,Kerala,Kozhikode,South,10-Sep-24,Silver,Online,
326,Other,44,Kerala,Thiruvananthapuram,South,10-Oct-23,None,Retail,
347,Other,58,Kerala,Kozhikode,South,2-Nov-22,None,Online,
357,Male,25,Kerala,Kochi,South,8-Jul-23,None,Retail,
374,Female,39,Kerala,Thiruvananthapuram,South,27-Jul-23,None,Online,
376,Male,29,Kerala,Thiruvananthapuram,South,25-Apr-22,Platinum,Online,
390,Female,64,Kerala,Kozhikode,South,3-Jun-22,None,Online,
398,Other,24,Kerala,Kochi,South,9-Mar-22,None,Online,
446,Male,43,Kerala,Kochi,South,9-Apr-25,None,Retail,
451,Male,61,Kerala,Kozhikode,South,21-Oct-24,Silver,Online,
465,Female,65,Kerala,Kochi,South,1-Jan-23,None,Retail,
466,Other,48,Kerala,Kozhikode,South,25-May-22,Silver,Online,
467,Female,62,Kerala,Thiruvananthapuram,South,7-Apr-23,Silver,Online,
484,Male,32,Kerala,Thiruvananthapuram,South,24-Jul-22,None,Retail,
497,Female,56,Kerala,Kozhikode,South,29-Aug-24,Silver,Online,
525,Male,53,Kerala,Thiruvananthapuram,South,4-Jul-24,None,Retail,
540,Female,64,Kerala,Kozhikode,South,3-Jan-24,None,Online,
555,Male,59,Kerala,Thiruvananthapuram,South,3-Oct-23,None,Retail,
567,Male,24,Kerala,Kozhikode,South,4-May-22,Platinum,Retail,
575,Male,39,Kerala,Kozhikode,South,30-Nov-24,Silver,Retail,
587,Male,51,Kerala,Kochi,South,31-Jan-22,Silver,Retail,
620,Female,20,Kerala,Thiruvananthapuram,South,19-Oct-24,None,Online,
687,Male,55,Kerala,Thiruvananthapuram,South,11-Oct-24,Silver,Online,
709,Female,20,Kerala,Thiruvananthapuram,South,21-Jun-23,None,Retail,
751,Female,58,Kerala,Thiruvananthapuram,South,13-Feb-25,None,Online,
754,Other,65,Kerala,Kozhikode,South,19-Apr-24,None,Online,
768,Male,48,Kerala,Thiruvananthapuram,South,7-Apr-23,Platinum,Online,
795,Other,43,Kerala,Thiruvananthapuram,South,26-Nov-24,None,Online,
800,Other,63,Kerala,Kozhikode,South,16-Jul-24,None,Online,
804,Other,67,Kerala,Kozhikode,South,8-Dec-23,None,Online,
806,Other,25,Kerala,Thiruvananthapuram,South,3-Feb-25,None,Online,
807,Female,33,Kerala,Thiruvananthapuram,South,24-Sep-22,None,Retail,
810,Other,61,Kerala,Thiruvananthapuram,South,10-Jun-24,None,Online,
811,Male,50,Kerala,Kozhikode,South,29-Apr-23,None,Retail,
813,Other,26,Kerala,Thiruvananthapuram,South,9-Apr-22,None,Retail,
822,Male,57,Kerala,Kochi,South,6-Feb-22,None,Online,
841,Other,30,Kerala,Kochi,South,22-Dec-22,Silver,Online,
864,Other,49,Kerala,Thiruvananthapuram,South,28-Mar-22,Silver,Online,
866,Other,38,Kerala,Kozhikode,South,27-Sep-23,None,Online,
883,Other,66,Kerala,Kozhikode,South,30-Sep-23,None,Retail,
894,Other,38,Kerala,Kochi,South,3-Jul-22,Silver,Online,
897,Other,55,Kerala,Kozhikode,South,13-May-24,None,Retail,
910,Male,56,Kerala,Kochi,South,30-Nov-22,Platinum,Online,
926,Male,39,Kerala,Kochi,South,12-Jul-23,Silver,Online,
927,Male,40,Kerala,Thiruvananthapuram,South,7-Nov-22,None,Retail,
928,Other,24,Kerala,Kochi,South,19-Sep-24,Silver,Online,
939,Female,52,Kerala,Kochi,South,26-Jul-22,Silver,Retail,
960,Female,49,Kerala,Kochi,South,12-Mar-23,None,Retail,
969,Male,30,Kerala,Thiruvananthapuram,South,29-Apr-23,Silver,Retail,
977,Female,42,Kerala,Kochi,South,22-Jan-24,Gold,Online,
979,Male,30,Kerala,Thiruvananthapuram,South,29-Dec-23,None,Online,
999,Other,26,Kerala,Kochi,South,1-Feb-22,Gold,Retail,
1002,Male,66,Kerala,Thiruvananthapuram,South,14-Dec-22,None,Retail,
1013,Female,40,Kerala,Thiruvananthapuram,South,31-Aug-23,None,Retail,
1016,Male,53,Kerala,Kochi,South,13-Aug-24,None,Retail,
1027,Male,20,Kerala,Kozhikode,South,19-Mar-23,Gold,Retail,
1040,Female,63,Kerala,Kochi,South,3-Jan-25,Platinum,Retail,
1084,Other,27,Kerala,Kozhikode,South,11-Jan-24,Gold,Retail,
1086,Other,52,Kerala,Thiruvananthapuram,South,9-Feb-25,None,Retail,
1116,Female,42,Kerala,Kozhikode,South,5-Oct-24,None,Retail,
1121,Other,28,Kerala,Thiruvananthapuram,South,28-Dec-22,Silver,Retail,
1133,Other,36,Kerala,Kochi,South,15-Feb-23,Platinum,Retail,
1150,Female,38,Kerala,Kozhikode,South,16-Mar-22,None,Online,
1160,Male,37,Kerala,Kozhikode,South,24-Aug-24,None,Retail,
1183,Male,35,Kerala,Kochi,South,26-Mar-22,Silver,Online,
1186,Other,26,Kerala,Kochi,South,24-Aug-23,Silver,Online,
24,Male,19,Telangana,Hyderabad,South,1-Jul-22,Silver,Online,
43,Other,23,Telangana,Hyderabad,South,10-Mar-24,None,Retail,
64,Male,20,Telangana,Hyderabad,South,25-Dec-22,None,Online,
76,Female,22,Telangana,Hyderabad,South,2-Jun-24,None,Retail,
77,Female,56,Telangana,Hyderabad,South,1-Apr-23,None,Online,
84,Male,27,Telangana,Warangal,South,17-Mar-23,None,Online,
86,Other,63,Telangana,Warangal,South,23-Feb-22,Platinum,Retail,
91,Male,44,Telangana,Warangal,South,5-Jun-23,Gold,Retail,
113,Other,32,Telangana,Warangal,South,26-Feb-25,None,Online,
126,Female,58,Telangana,Warangal,South,13-Oct-24,None,Retail,
128,Other,23,Telangana,Hyderabad,South,12-Dec-22,None,Online,
144,Female,56,Telangana,Hyderabad,South,6-Oct-24,Gold,Online,
152,Female,25,Telangana,Warangal,South,3-Jan-25,None,Online,
185,Female,68,Telangana,Warangal,South,20-Jan-23,None,Retail,
208,Other,67,Telangana,Warangal,South,16-Mar-24,None,Online,
242,Other,47,Telangana,Warangal,South,26-Jul-23,Silver,Online,
251,Other,24,Telangana,Hyderabad,South,15-May-24,None,Online,
261,Male,36,Telangana,Hyderabad,South,1-Oct-23,None,Retail,
266,Female,40,Telangana,Warangal,South,3-Jun-24,Platinum,Retail,
300,Male,51,Telangana,Hyderabad,South,18-Jan-24,None,Retail,
306,Female,58,Telangana,Hyderabad,South,28-Aug-24,None,Online,
313,Female,49,Telangana,Warangal,South,22-Mar-25,None,Retail,
317,Other,20,Telangana,Hyderabad,South,13-Mar-24,Silver,Retail,
322,Male,61,Telangana,Warangal,South,20-Jun-23,Platinum,Retail,
353,Other,48,Telangana,Hyderabad,South,8-Oct-23,Silver,Online,
364,Male,33,Telangana,Warangal,South,8-Jan-24,Silver,Online,
368,Male,39,Telangana,Warangal,South,4-Jul-22,Silver,Retail,
373,Other,19,Telangana,Warangal,South,25-Dec-22,None,Online,
405,Female,34,Telangana,Hyderabad,South,21-Mar-22,None,Retail,
408,Male,61,Telangana,Warangal,South,27-Apr-24,Silver,Retail,
422,Male,51,Telangana,Warangal,South,5-Feb-23,None,Retail,
425,Other,45,Telangana,Warangal,South,15-Jul-23,None,Retail,
434,Female,41,Telangana,Hyderabad,South,8-Oct-24,Gold,Retail,
439,Female,42,Telangana,Warangal,South,7-Jan-25,Silver,Retail,
450,Other,30,Telangana,Warangal,South,5-Oct-24,None,Online,
455,Female,57,Telangana,Warangal,South,7-Jan-24,Platinum,Retail,
457,Other,37,Telangana,Hyderabad,South,11-Jun-24,None,Retail,
463,Other,62,Telangana,Warangal,South,20-Mar-23,Silver,Online,
479,Other,66,Telangana,Hyderabad,South,8-Apr-24,Platinum,Online,
482,Female,49,Telangana,Warangal,South,11-Nov-23,Gold,Retail,
498,Other,40,Telangana,Warangal,South,19-Feb-24,None,Retail,
504,Other,56,Telangana,Hyderabad,South,10-Mar-25,Silver,Online,
512,Female,42,Telangana,Warangal,South,26-Jan-23,None,Retail,
524,Other,23,Telangana,Hyderabad,South,22-Jan-25,Silver,Retail,
529,Female,56,Telangana,Warangal,South,18-Apr-23,None,Retail,
543,Female,62,Telangana,Warangal,South,22-Sep-23,None,Retail,
558,Male,39,Telangana,Warangal,South,4-Oct-23,Silver,Retail,
565,Female,65,Telangana,Warangal,South,21-Sep-22,Gold,Retail,
566,Other,43,Telangana,Hyderabad,South,17-Feb-23,None,Online,
579,Female,32,Telangana,Hyderabad,South,21-Feb-23,None,Retail,
581,Male,30,Telangana,Warangal,South,4-Nov-23,Silver,Retail,
583,Female,65,Telangana,Hyderabad,South,3-Jan-23,None,Online,
586,Female,48,Telangana,Warangal,South,14-Jan-24,None,Retail,
601,Other,60,Telangana,Warangal,South,16-Mar-24,None,Retail,
642,Other,42,Telangana,Hyderabad,South,1-Nov-24,Silver,Retail,
645,Female,35,Telangana,Warangal,South,24-Oct-22,Silver,Online,
673,Female,69,Telangana,Hyderabad,South,6-Apr-22,Gold,Retail,
677,Other,59,Telangana,Hyderabad,South,16-May-22,None,Retail,
682,Other,22,Telangana,Hyderabad,South,31-Oct-24,None,Retail,
689,Other,56,Telangana,Warangal,South,18-Sep-24,Gold,Retail,
690,Female,34,Telangana,Warangal,South,30-May-22,None,Online,
713,Female,61,Telangana,Warangal,South,16-Aug-22,None,Online,
714,Male,18,Telangana,Hyderabad,South,4-Mar-22,Gold,Retail,
727,Other,39,Telangana,Warangal,South,14-Jan-25,None,Retail,
728,Male,44,Telangana,Hyderabad,South,5-Feb-25,Silver,Retail,
737,Male,25,Telangana,Warangal,South,8-Mar-23,Silver,Online,
740,Male,28,Telangana,Warangal,South,8-Jan-25,Silver,Online,
748,Other,44,Telangana,Warangal,South,17-Apr-22,None,Online,
779,Female,35,Telangana,Warangal,South,29-Jan-22,None,Retail,
799,Female,57,Telangana,Warangal,South,28-Dec-22,None,Retail,
809,Other,23,Telangana,Hyderabad,South,6-Sep-24,Silver,Retail,
815,Other,26,Telangana,Warangal,South,9-May-22,None,Online,
827,Male,64,Telangana,Hyderabad,South,22-May-24,Silver,Online,
832,Male,39,Telangana,Hyderabad,South,15-Mar-22,Gold,Retail,
854,Other,43,Telangana,Warangal,South,28-Sep-24,None,Online,
855,Male,67,Telangana,Warangal,South,26-Jun-22,None,Retail,
875,Male,35,Telangana,Warangal,South,2-Nov-23,Gold,Retail,
876,Other,20,Telangana,Warangal,South,23-Jan-25,Silver,Retail,
878,Other,59,Telangana,Warangal,South,29-Feb-24,Silver,Online,
902,Male,67,Telangana,Warangal,South,23-Sep-23,Silver,Online,
913,Other,52,Telangana,Warangal,South,26-Jul-22,Gold,Online,
925,Male,35,Telangana,Hyderabad,South,15-Apr-24,None,Online,
935,Female,28,Telangana,Hyderabad,South,14-Jul-22,Silver,Retail,
962,Other,66,Telangana,Hyderabad,South,13-Oct-24,None,Online,
993,Other,25,Telangana,Hyderabad,South,19-Apr-24,Silver,Online,
1000,Male,39,Telangana,Hyderabad,South,27-Apr-23,None,Retail,
1020,Male,44,Telangana,Warangal,South,8-May-22,Silver,Online,
1023,Other,68,Telangana,Hyderabad,South,20-Jan-23,Platinum,Retail,
1028,Other,52,Telangana,Hyderabad,South,4-Jul-24,Gold,Online,
1041,Male,22,Telangana,Hyderabad,South,27-Jan-23,Silver,Retail,
1044,Female,21,Telangana,Hyderabad,South,5-Sep-23,None,Retail,
1054,Female,62,Telangana,Hyderabad,South,19-Nov-22,None,Online,
1061,Other,31,Telangana,Warangal,South,28-Jan-23,None,Retail,
1077,Female,25,Telangana,Warangal,South,31-Mar-25,Silver,Retail,
1091,Other,61,Telangana,Warangal,South,22-Mar-23,Silver,Retail,
1101,Male,47,Telangana,Hyderabad,South,9-Jul-22,Silver,Online,
1107,Female,53,Telangana,Warangal,South,10-Oct-24,Silver,Online,
1125,Other,28,Telangana,Hyderabad,South,6-May-22,None,Online,
1134,Other,31,Telangana,Warangal,South,20-Jan-25,Platinum,Retail,
1135,Other,49,Telangana,Warangal,South,18-May-23,None,Retail,
1151,Female,34,Telangana,Hyderabad,South,17-Jul-23,Silver,Online,
1163,Other,24,Telangana,Warangal,South,25-Feb-24,None,Online,
1176,Other,35,Telangana,Warangal,South,22-Nov-22,Silver,Online,
1180,Male,52,Telangana,Warangal,South,25-Feb-23,Platinum,Retail,
1189,Other,29,Telangana,Hyderabad,South,25-Jul-24,Silver,Online,
9,Female,48,Gujarat,Vadodara,West,24-Apr-22,Silver,Online,
11,Other,22,Gujarat,Vadodara,West,27-Jun-24,Silver,Retail,
36,Male,45,Gujarat,Rajkot,West,16-Oct-24,Platinum,Online,
40,Male,64,Gujarat,Surat,West,14-Oct-23,None,Online,
42,Male,46,Gujarat,Ahmedabad,West,14-Jan-23,None,Online,
52,Male,19,Gujarat,Surat,West,19-Jun-22,None,Retail,
65,Other,40,Gujarat,Surat,West,9-Mar-25,None,Retail,
66,Female,69,Gujarat,Surat,West,1-Jul-22,None,Retail,
75,Other,37,Gujarat,Ahmedabad,West,29-Nov-24,Gold,Online,
115,Female,19,Gujarat,Rajkot,West,18-Dec-23,None,Retail,
135,Other,49,Gujarat,Vadodara,West,14-Dec-22,Silver,Online,
153,Female,65,Gujarat,Surat,West,20-Dec-23,None,Online,
155,Female,32,Gujarat,Surat,West,24-Nov-23,None,Online,
171,Female,30,Gujarat,Surat,West,1-Oct-22,Silver,Online,
175,Other,20,Gujarat,Rajkot,West,9-Jan-22,None,Retail,
192,Male,44,Gujarat,Rajkot,West,6-Mar-25,Silver,Online,
196,Female,51,Gujarat,Vadodara,West,27-Oct-22,None,Retail,
204,Male,35,Gujarat,Rajkot,West,5-Jun-23,Silver,Retail,
206,Female,53,Gujarat,Rajkot,West,10-Oct-22,None,Retail,
218,Female,32,Gujarat,Rajkot,West,1-Aug-22,Platinum,Retail,
228,Female,66,Gujarat,Vadodara,West,18-May-24,Silver,Online,
234,Male,59,Gujarat,Rajkot,West,22-Jan-25,None,Online,
241,Other,47,Gujarat,Surat,West,10-Jan-22,None,Retail,
250,Other,24,Gujarat,Surat,West,1-Aug-24,None,Online,
263,Other,26,Gujarat,Ahmedabad,West,27-Feb-25,Silver,Online,
267,Male,37,Gujarat,Ahmedabad,West,3-Jun-22,None,Online,
272,Male,42,Gujarat,Surat,West,17-Jun-22,Silver,Online,
273,Other,37,Gujarat,Vadodara,West,22-Feb-24,None,Retail,
278,Other,62,Gujarat,Surat,West,19-Nov-24,Silver,Online,
279,Female,51,Gujarat,Surat,West,28-May-22,None,Retail,
291,Other,58,Gujarat,Rajkot,West,16-Oct-23,None,Online,
315,Male,30,Gujarat,Vadodara,West,12-Dec-22,Silver,Retail,
337,Female,20,Gujarat,Surat,West,26-Mar-22,Gold,Online,
340,Male,63,Gujarat,Vadodara,West,5-Jul-23,None,Retail,
344,Male,27,Gujarat,Vadodara,West,28-Mar-23,None,Online,
346,Female,41,Gujarat,Ahmedabad,West,14-Oct-23,Silver,Online,
366,Female,49,Gujarat,Ahmedabad,West,26-Apr-23,Silver,Retail,
370,Female,29,Gujarat,Rajkot,West,12-Feb-25,Silver,Online,
387,Female,36,Gujarat,Vadodara,West,28-Feb-25,Platinum,Retail,
392,Female,44,Gujarat,Surat,West,30-May-24,None,Retail,
394,Male,59,Gujarat,Vadodara,West,23-Oct-22,Silver,Retail,
401,Male,20,Gujarat,Ahmedabad,West,4-Apr-22,None,Retail,
474,Other,50,Gujarat,Surat,West,15-Apr-23,Silver,Online,
506,Other,36,Gujarat,Surat,West,6-Jan-22,Silver,Online,
523,Male,20,Gujarat,Surat,West,19-Mar-23,None,Retail,
532,Female,30,Gujarat,Rajkot,West,3-May-22,None,Retail,
539,Male,38,Gujarat,Vadodara,West,19-Apr-24,Silver,Retail,
546,Male,33,Gujarat,Vadodara,West,1-May-24,Silver,Online,
550,Male,64,Gujarat,Surat,West,5-Nov-24,None,Retail,
552,Other,22,Gujarat,Vadodara,West,21-Mar-24,None,Retail,
574,Other,35,Gujarat,Surat,West,24-Jun-23,Silver,Online,
580,Other,64,Gujarat,Ahmedabad,West,9-Apr-23,None,Retail,
597,Female,40,Gujarat,Surat,West,30-Oct-24,None,Retail,
624,Male,54,Gujarat,Rajkot,West,24-Jun-23,Platinum,Online,
628,Male,39,Gujarat,Rajkot,West,1-Jul-22,None,Online,
632,Other,18,Gujarat,Vadodara,West,14-May-22,Gold,Online,
637,Other,58,Gujarat,Rajkot,West,15-Jul-23,None,Online,
639,Female,31,Gujarat,Vadodara,West,2-Oct-22,Gold,Online,
641,Other,30,Gujarat,Ahmedabad,West,2-Jan-25,Silver,Retail,
644,Male,29,Gujarat,Surat,West,11-Jun-24,Silver,Retail,
662,Other,62,Gujarat,Ahmedabad,West,16-Aug-23,None,Online,
676,Female,34,Gujarat,Rajkot,West,20-Oct-23,Silver,Retail,
683,Other,19,Gujarat,Surat,West,2-Jun-24,Platinum,Retail,
694,Male,25,Gujarat,Ahmedabad,West,15-Mar-24,Gold,Retail,
699,Male,18,Gujarat,Rajkot,West,13-Jan-25,Gold,Online,
700,Male,18,Gujarat,Ahmedabad,West,27-Oct-23,Gold,Online,
705,Female,63,Gujarat,Ahmedabad,West,14-May-23,None,Retail,
743,Other,29,Gujarat,Rajkot,West,16-Feb-23,Silver,Online,
746,Male,63,Gujarat,Vadodara,West,15-Feb-24,Gold,Online,
761,Other,68,Gujarat,Vadodara,West,31-Mar-25,None,Online,
766,Male,34,Gujarat,Rajkot,West,22-Feb-23,Gold,Online,
770,Other,49,Gujarat,Rajkot,West,22-Nov-23,None,Retail,
773,Male,28,Gujarat,Rajkot,West,10-Feb-23,None,Online,
774,Female,37,Gujarat,Ahmedabad,West,12-Mar-23,Gold,Retail,
835,Other,54,Gujarat,Vadodara,West,10-Jun-22,Silver,Online,
858,Other,28,Gujarat,Surat,West,17-Jul-22,Silver,Online,
859,Other,31,Gujarat,Rajkot,West,15-Nov-24,None,Retail,
871,Female,56,Gujarat,Rajkot,West,22-Mar-23,None,Retail,
877,Other,35,Gujarat,Ahmedabad,West,10-Mar-22,None,Retail,
880,Other,57,Gujarat,Vadodara,West,4-Feb-24,None,Online,
888,Other,32,Gujarat,Rajkot,West,19-Nov-24,Silver,Retail,
920,Female,55,Gujarat,Vadodara,West,9-Dec-23,None,Online,
996,Other,38,Gujarat,Vadodara,West,25-Jun-23,Gold,Retail,
1019,Other,69,Gujarat,Vadodara,West,8-Feb-22,Gold,Retail,
1030,Female,58,Gujarat,Surat,West,28-Mar-24,None,Online,
1035,Other,56,Gujarat,Rajkot,West,7-May-24,None,Online,
1047,Male,40,Gujarat,Vadodara,West,17-Oct-24,Silver,Retail,
1060,Male,56,Gujarat,Ahmedabad,West,7-Dec-23,None,Retail,
1068,Female,28,Gujarat,Rajkot,West,18-Feb-24,None,Retail,
1092,Male,54,Gujarat,Surat,West,11-Jul-23,None,Retail,
1093,Male,19,Gujarat,Rajkot,West,29-Sep-23,None,Retail,
1120,Male,48,Gujarat,Rajkot,West,11-Jul-23,None,Retail,
1142,Female,50,Gujarat,Ahmedabad,West,4-May-23,None,Online,
1148,Female,69,Gujarat,Ahmedabad,West,16-Jun-23,None,Retail,
1155,Other,26,Gujarat,Rajkot,West,19-Aug-24,Silver,Retail,
1165,Male,28,Gujarat,Ahmedabad,West,24-Mar-25,Gold,Online,
1174,Female,66,Gujarat,Ahmedabad,West,26-May-24,Gold,Retail,
1195,Male,49,Gujarat,Rajkot,West,6-May-22,Silver,Retail,
1200,Female,66,Gujarat,Surat,West,10-Jan-25,Gold,Retail,
48,Other,57,Maharashtra,Nashik,West,20-Jan-23,None,Online,
57,Other,34,Maharashtra,Mumbai,West,1-Sep-22,None,Online,
58,Male,67,Maharashtra,Mumbai,West,1-Feb-24,None,Online,
73,Female,58,Maharashtra,Mumbai,West,7-Feb-23,Silver,Retail,
87,Female,28,Maharashtra,Mumbai,West,3-Dec-22,None,Retail,
88,Other,34,Maharashtra,Mumbai,West,12-Apr-25,None,Retail,
125,Female,42,Maharashtra,Nagpur,West,1-Feb-24,None,Retail,
138,Female,40,Maharashtra,Nashik,West,17-May-22,None,Retail,
157,Other,24,Maharashtra,Mumbai,West,11-Oct-23,None,Online,
170,Female,27,Maharashtra,Pune,West,2-Dec-24,Silver,Retail,
178,Male,23,Maharashtra,Mumbai,West,22-Apr-22,Platinum,Online,
197,Other,31,Maharashtra,Nagpur,West,15-Mar-22,None,Retail,
205,Female,37,Maharashtra,Pune,West,8-Aug-22,Gold,Online,
212,Male,45,Maharashtra,Nagpur,West,26-Feb-25,None,Retail,
222,Female,62,Maharashtra,Nashik,West,7-Jan-25,None,Online,
240,Female,26,Maharashtra,Mumbai,West,5-Jun-22,Platinum,Online,
259,Female,57,Maharashtra,Nashik,West,1-Feb-24,None,Online,
277,Male,24,Maharashtra,Pune,West,22-Nov-22,Silver,Retail,
281,Male,48,Maharashtra,Pune,West,8-Feb-22,Silver,Online,
286,Female,33,Maharashtra,Pune,West,7-Mar-25,Platinum,Online,
287,Female,41,Maharashtra,Pune,West,14-Jan-23,Gold,Online,
294,Male,63,Maharashtra,Nagpur,West,1-Apr-24,Gold,Retail,
307,Female,28,Maharashtra,Nagpur,West,18-Jan-22,None,Online,
334,Female,54,Maharashtra,Nashik,West,20-Sep-23,Silver,Online,
355,Other,51,Maharashtra,Nagpur,West,16-Jun-23,None,Online,
358,Male,44,Maharashtra,Nagpur,West,9-Apr-24,None,Online,
359,Female,39,Maharashtra,Nagpur,West,1-Jan-25,Silver,Retail,
371,Other,48,Maharashtra,Pune,West,23-Dec-23,Silver,Retail,
372,Male,34,Maharashtra,Pune,West,9-Jan-25,None,Retail,
410,Female,37,Maharashtra,Mumbai,West,1-May-24,Silver,Online,
415,Female,67,Maharashtra,Pune,West,2-Apr-22,Silver,Online,
448,Female,43,Maharashtra,Pune,West,17-Jan-22,Silver,Retail,
454,Female,52,Maharashtra,Mumbai,West,11-Aug-24,Silver,Online,
462,Female,57,Maharashtra,Nagpur,West,6-Apr-24,None,Retail,
489,Other,42,Maharashtra,Nashik,West,27-Mar-25,Silver,Online,
505,Female,56,Maharashtra,Nagpur,West,4-Feb-24,Silver,Online,
514,Other,39,Maharashtra,Pune,West,30-Mar-22,None,Retail,
526,Other,55,Maharashtra,Mumbai,West,28-Feb-24,Silver,Retail,
527,Male,58,Maharashtra,Nashik,West,10-Jan-22,None,Online,
533,Other,50,Maharashtra,Mumbai,West,8-Oct-22,None,Retail,
538,Other,19,Maharashtra,Pune,West,30-Jun-24,None,Retail,
542,Female,30,Maharashtra,Mumbai,West,14-May-23,None,Online,
549,Female,32,Maharashtra,Nagpur,West,22-Oct-23,None,Retail,
584,Other,45,Maharashtra,Nagpur,West,26-Mar-25,None,Online,
602,Male,64,Maharashtra,Nashik,West,17-Nov-22,None,Retail,
633,Other,44,Maharashtra,Nashik,West,26-Nov-22,None,Online,
654,Male,18,Maharashtra,Nagpur,West,24-Jan-25,None,Online,
660,Male,47,Maharashtra,Pune,West,4-Oct-22,Gold,Online,
670,Male,65,Maharashtra,Mumbai,West,31-Oct-23,None,Retail,
681,Other,34,Maharashtra,Pune,West,14-Sep-24,None,Online,
685,Other,18,Maharashtra,Pune,West,22-Apr-24,None,Retail,
703,Male,24,Maharashtra,Mumbai,West,19-Nov-23,Gold,Retail,
710,Female,48,Maharashtra,Mumbai,West,8-Jun-22,None,Retail,
715,Other,48,Maharashtra,Nashik,West,7-Jul-22,None,Online,
723,Male,55,Maharashtra,Nashik,West,4-Jul-24,None,Online,
725,Male,57,Maharashtra,Mumbai,West,11-May-24,Silver,Online,
753,Male,23,Maharashtra,Nagpur,West,23-Jul-24,None,Retail,
755,Male,63,Maharashtra,Pune,West,30-Oct-24,Silver,Online,
759,Female,56,Maharashtra,Nagpur,West,1-Jul-23,None,Online,
776,Female,24,Maharashtra,Pune,West,3-Feb-23,None,Retail,
777,Female,26,Maharashtra,Nashik,West,5-Jan-23,Silver,Online,
787,Male,27,Maharashtra,Pune,West,29-Jul-23,None,Retail,
801,Other,64,Maharashtra,Nagpur,West,7-May-22,Silver,Retail,
830,Female,62,Maharashtra,Nagpur,West,12-Jan-24,None,Retail,
833,Male,41,Maharashtra,Pune,West,11-Aug-22,Silver,Online,
838,Female,35,Maharashtra,Mumbai,West,4-Oct-23,None,Online,
847,Male,43,Maharashtra,Mumbai,West,26-Jun-23,Gold,Retail,
851,Female,24,Maharashtra,Nagpur,West,8-Mar-23,Gold,Retail,
853,Other,67,Maharashtra,Pune,West,18-Apr-22,Silver,Retail,
862,Female,65,Maharashtra,Mumbai,West,2-Jan-22,Silver,Online,
867,Other,45,Maharashtra,Pune,West,3-Mar-24,Gold,Retail,
873,Male,25,Maharashtra,Mumbai,West,21-Sep-24,Silver,Retail,
879,Female,50,Maharashtra,Pune,West,6-Mar-22,None,Retail,
901,Male,42,Maharashtra,Nagpur,West,7-Jan-24,Silver,Online,
906,Male,61,Maharashtra,Nagpur,West,2-Dec-23,Silver,Retail,
921,Female,44,Maharashtra,Nagpur,West,20-May-24,Gold,Online,
930,Female,52,Maharashtra,Pune,West,7-Jun-22,Silver,Online,
940,Male,24,Maharashtra,Pune,West,11-Nov-24,None,Retail,
959,Other,63,Maharashtra,Nagpur,West,28-Feb-25,Gold,Retail,
1070,Other,24,Maharashtra,Mumbai,West,30-Jun-24,None,Retail,
1076,Other,69,Maharashtra,Mumbai,West,21-Oct-24,Gold,Online,
1100,Male,60,Maharashtra,Pune,West,23-Feb-23,None,Retail,
1109,Other,18,Maharashtra,Nashik,West,12-Jan-22,None,Retail,
1114,Other,64,Maharashtra,Nashik,West,25-Apr-22,None,Online,
1119,Male,29,Maharashtra,Pune,West,23-Jul-23,Gold,Online,
1122,Male,53,Maharashtra,Nagpur,West,2-Feb-22,Silver,Online,
1123,Other,29,Maharashtra,Pune,West,6-Dec-24,None,Online,
1140,Male,23,Maharashtra,Nagpur,West,3-Mar-22,None,Retail,
1141,Other,23,Maharashtra,Nagpur,West,6-Jul-23,Silver,Online,
1172,Other,50,Maharashtra,Nashik,West,31-Mar-23,Gold,Online,
1178,Other,47,Maharashtra,Pune,West,6-Apr-23,None,Retail,
1182,Male,34,Maharashtra,Nagpur,West,10-Mar-25,None,Retail,
1198,Male,67,Maharashtra,Nashik,West,13-Oct-24,Gold,Retail,
3,Male,27,Madhya Pradesh,Indore,Central,10-Jul-23,None,Online,
12,Other,39,Madhya Pradesh,Bhopal,Central,2-Aug-24,None,Online,
34,Female,31,Madhya Pradesh,Indore,Central,18-Feb-25,None,Retail,
41,Male,25,Madhya Pradesh,Gwalior,Central,29-Dec-22,Silver,Online,
56,Other,60,Madhya Pradesh,Gwalior,Central,1-Mar-25,None,Retail,
60,Male,44,Madhya Pradesh,Gwalior,Central,22-Dec-24,Silver,Retail,
79,Male,66,Madhya Pradesh,Gwalior,Central,11-Feb-25,Gold,Online,
92,Other,25,Madhya Pradesh,Indore,Central,26-Jan-25,Gold,Retail,
96,Female,53,Madhya Pradesh,Gwalior,Central,9-Mar-25,None,Online,
103,Female,55,Madhya Pradesh,Bhopal,Central,12-Apr-22,None,Online,
130,Male,59,Madhya Pradesh,Bhopal,Central,10-Jul-23,None,Online,
131,Female,30,Madhya Pradesh,Bhopal,Central,6-Feb-23,Silver,Retail,
133,Female,49,Madhya Pradesh,Bhopal,Central,24-Jan-25,Silver,Retail,
166,Male,44,Madhya Pradesh,Gwalior,Central,2-Jun-24,Gold,Online,
174,Other,39,Madhya Pradesh,Gwalior,Central,5-Dec-22,Gold,Retail,
177,Female,45,Madhya Pradesh,Bhopal,Central,8-Dec-24,Silver,Retail,
215,Male,59,Madhya Pradesh,Gwalior,Central,26-Oct-23,None,Online,
221,Other,54,Madhya Pradesh,Indore,Central,27-Aug-23,None,Retail,
223,Female,24,Madhya Pradesh,Gwalior,Central,17-Feb-25,Gold,Retail,
236,Other,31,Madhya Pradesh,Indore,Central,16-May-24,Gold,Online,
238,Other,22,Madhya Pradesh,Bhopal,Central,17-Sep-23,None,Retail,
254,Male,39,Madhya Pradesh,Indore,Central,10-Jan-25,None,Online,
269,Other,46,Madhya Pradesh,Gwalior,Central,12-Feb-25,None,Online,
274,Female,69,Madhya Pradesh,Bhopal,Central,6-Jan-22,Gold,Online,
275,Other,55,Madhya Pradesh,Gwalior,Central,12-Oct-24,None,Online,
308,Other,65,Madhya Pradesh,Gwalior,Central,13-Dec-22,None,Online,
319,Male,66,Madhya Pradesh,Gwalior,Central,25-May-22,None,Retail,
349,Male,47,Madhya Pradesh,Indore,Central,20-Jun-23,Silver,Online,
369,Female,39,Madhya Pradesh,Indore,Central,5-Oct-24,Silver,Online,
375,Other,42,Madhya Pradesh,Bhopal,Central,27-Jun-22,None,Retail,
396,Male,61,Madhya Pradesh,Gwalior,Central,6-Apr-23,None,Retail,
397,Male,43,Madhya Pradesh,Bhopal,Central,19-Feb-22,None,Retail,
407,Male,18,Madhya Pradesh,Indore,Central,9-Jun-23,Platinum,Online,
417,Other,58,Madhya Pradesh,Gwalior,Central,25-May-23,None,Online,
423,Other,18,Madhya Pradesh,Indore,Central,20-Mar-24,Gold,Retail,
426,Other,26,Madhya Pradesh,Indore,Central,3-May-24,Gold,Online,
427,Female,26,Madhya Pradesh,Indore,Central,17-May-23,Platinum,Online,
436,Male,22,Madhya Pradesh,Indore,Central,29-Sep-24,Platinum,Retail,
459,Male,35,Madhya Pradesh,Gwalior,Central,22-Jan-25,None,Retail,
472,Male,38,Madhya Pradesh,Bhopal,Central,12-Apr-25,Gold,Online,
473,Male,65,Madhya Pradesh,Gwalior,Central,25-Jan-24,None,Retail,
559,Male,25,Madhya Pradesh,Gwalior,Central,24-May-22,None,Online,
572,Other,41,Madhya Pradesh,Indore,Central,1-Mar-25,Silver,Retail,
591,Other,26,Madhya Pradesh,Bhopal,Central,21-Feb-23,None,Retail,
594,Female,47,Madhya Pradesh,Bhopal,Central,28-Oct-22,None,Retail,
595,Other,59,Madhya Pradesh,Bhopal,Central,4-Dec-23,Silver,Retail,
596,Male,58,Madhya Pradesh,Gwalior,Central,1-Feb-24,Silver,Retail,
599,Female,69,Madhya Pradesh,Indore,Central,8-Dec-23,None,Online,
605,Male,47,Madhya Pradesh,Bhopal,Central,19-Jan-23,None,Retail,
607,Female,51,Madhya Pradesh,Gwalior,Central,18-Jan-23,Silver,Online,
608,Female,67,Madhya Pradesh,Bhopal,Central,24-Jul-24,Silver,Retail,
643,Female,53,Madhya Pradesh,Gwalior,Central,5-Feb-23,Gold,Online,
668,Female,62,Madhya Pradesh,Bhopal,Central,16-Dec-22,None,Online,
669,Other,31,Madhya Pradesh,Gwalior,Central,26-Oct-22,None,Online,
702,Female,48,Madhya Pradesh,Gwalior,Central,11-Apr-23,Gold,Online,
718,Female,31,Madhya Pradesh,Indore,Central,14-Jan-24,Gold,Online,
720,Other,46,Madhya Pradesh,Bhopal,Central,23-Sep-23,Silver,Online,
721,Female,38,Madhya Pradesh,Bhopal,Central,20-Jun-24,Silver,Online,
749,Male,56,Madhya Pradesh,Indore,Central,23-Feb-24,None,Retail,
769,Female,39,Madhya Pradesh,Indore,Central,13-Jan-22,Gold,Online,
837,Other,63,Madhya Pradesh,Bhopal,Central,15-Jun-24,None,Online,
886,Other,18,Madhya Pradesh,Indore,Central,26-Oct-23,Silver,Online,
936,Female,58,Madhya Pradesh,Bhopal,Central,1-Feb-25,Silver,Retail,
958,Female,38,Madhya Pradesh,Gwalior,Central,20-Apr-24,Silver,Online,
964,Other,34,Madhya Pradesh,Gwalior,Central,24-Oct-24,Gold,Online,
980,Male,51,Madhya Pradesh,Gwalior,Central,31-Jan-24,None,Online,
981,Male,33,Madhya Pradesh,Bhopal,Central,2-Jan-23,None,Online,
986,Other,60,Madhya Pradesh,Gwalior,Central,15-Dec-22,None,Retail,
998,Male,28,Madhya Pradesh,Gwalior,Central,9-Feb-25,Silver,Retail,
1015,Other,44,Madhya Pradesh,Bhopal,Central,21-Dec-22,None,Online,
1018,Other,69,Madhya Pradesh,Bhopal,Central,29-Jan-22,None,Online,
1031,Male,61,Madhya Pradesh,Indore,Central,23-Dec-24,Gold,Online,
1034,Male,34,Madhya Pradesh,Indore,Central,10-Oct-22,Silver,Online,
1042,Female,25,Madhya Pradesh,Bhopal,Central,5-Jan-23,None,Retail,
1055,Other,60,Madhya Pradesh,Gwalior,Central,26-Oct-23,Silver,Online,
1058,Female,22,Madhya Pradesh,Indore,Central,24-May-23,Silver,Online,
1112,Male,51,Madhya Pradesh,Gwalior,Central,22-Jul-24,None,Online,
1115,Other,42,Madhya Pradesh,Indore,Central,23-Sep-24,None,Online,
1136,Other,28,Madhya Pradesh,Bhopal,Central,19-Aug-24,Silver,Retail,
1139,Other,23,Madhya Pradesh,Bhopal,Central,22-Jun-24,None,Retail,
1147,Female,45,Madhya Pradesh,Gwalior,Central,21-Jun-22,None,Retail,
1162,Male,48,Madhya Pradesh,Gwalior,Central,19-Jul-23,Silver,Online,
1185,Female,22,Madhya Pradesh,Indore,Central,2-Jan-23,Silver,Online,
1194,Male,66,Madhya Pradesh,Bhopal,Central,6-Aug-22,Silver,Retail,
14,Female,43,West Bengal,Howrah,East,14-Aug-22,Silver,Retail,
20,Male,66,West Bengal,Howrah,East,2-Apr-25,None,Retail,
27,Female,58,West Bengal,Durgapur,East,19-Mar-22,Silver,Online,
39,Other,60,West Bengal,Durgapur,East,12-Jan-22,None,Retail,
50,Female,65,West Bengal,Kolkata,East,16-Mar-25,None,Online,
54,Female,37,West Bengal,Howrah,East,7-Jan-23,None,Retail,
63,Other,26,West Bengal,Kolkata,East,2-Oct-23,Silver,Retail,
85,Female,49,West Bengal,Howrah,East,13-May-24,Gold,Retail,
89,Other,58,West Bengal,Durgapur,East,20-Jan-23,None,Online,
116,Male,46,West Bengal,Kolkata,East,27-Jun-22,Gold,Retail,
119,Other,25,West Bengal,Durgapur,East,17-Jun-24,Silver,Online,
121,Other,68,West Bengal,Howrah,East,19-Jul-22,Silver,Retail,
123,Other,66,West Bengal,Durgapur,East,4-Jun-24,Silver,Online,
134,Male,63,West Bengal,Durgapur,East,23-Jun-24,None,Online,
169,Other,20,West Bengal,Howrah,East,15-Aug-23,Silver,Retail,
172,Other,30,West Bengal,Kolkata,East,11-Feb-24,None,Online,
187,Male,58,West Bengal,Kolkata,East,24-Jan-24,Silver,Retail,
194,Female,42,West Bengal,Howrah,East,29-Jul-24,None,Online,
195,Other,38,West Bengal,Kolkata,East,3-Apr-24,Silver,Online,
213,Male,62,West Bengal,Kolkata,East,11-Aug-23,Silver,Online,
243,Male,42,West Bengal,Durgapur,East,26-Mar-24,Gold,Retail,
262,Other,34,West Bengal,Durgapur,East,11-Jan-23,None,Retail,
264,Male,25,West Bengal,Howrah,East,14-Apr-22,None,Retail,
265,Other,66,West Bengal,Howrah,East,29-Oct-23,None,Retail,
270,Other,66,West Bengal,Howrah,East,9-Mar-23,Gold,Retail,
297,Other,23,West Bengal,Howrah,East,9-Mar-24,None,Retail,
338,Female,50,West Bengal,Kolkata,East,6-Jan-22,Silver,Online,
339,Female,20,West Bengal,Kolkata,East,20-Sep-22,None,Retail,
351,Male,67,West Bengal,Howrah,East,12-Oct-23,Silver,Retail,
363,Male,32,West Bengal,Howrah,East,23-Apr-22,None,Retail,
365,Male,40,West Bengal,Durgapur,East,31-Jul-24,Silver,Retail,
404,Female,26,West Bengal,Kolkata,East,26-May-24,Silver,Online,
416,Female,69,West Bengal,Durgapur,East,24-Jun-23,Silver,Retail,
418,Female,34,West Bengal,Howrah,East,13-Jul-24,Silver,Retail,
431,Male,61,West Bengal,Durgapur,East,19-Aug-24,None,Retail,
441,Male,27,West Bengal,Howrah,East,20-Oct-22,None,Retail,
453,Male,51,West Bengal,Howrah,East,4-May-23,Gold,Retail,
460,Female,61,West Bengal,Durgapur,East,2-Feb-23,None,Online,
469,Other,43,West Bengal,Durgapur,East,14-Oct-24,Gold,Online,
483,Other,18,West Bengal,Kolkata,East,14-May-23,Platinum,Online,
496,Female,23,West Bengal,Howrah,East,1-Sep-23,None,Online,
499,Female,46,West Bengal,Kolkata,East,27-Feb-25,None,Retail,
534,Female,62,West Bengal,Durgapur,East,17-Jun-23,Silver,Online,
545,Other,62,West Bengal,Kolkata,East,19-Dec-24,Silver,Retail,
553,Female,35,West Bengal,Kolkata,East,24-Jun-23,None,Online,
588,Other,33,West Bengal,Kolkata,East,22-Oct-24,Silver,Online,
604,Female,27,West Bengal,Durgapur,East,25-Jul-22,None,Online,
610,Other,40,West Bengal,Kolkata,East,17-Jun-22,Gold,Online,
621,Other,23,West Bengal,Durgapur,East,2-Feb-24,None,Retail,
634,Male,43,West Bengal,Durgapur,East,5-Feb-22,Silver,Online,
640,Other,34,West Bengal,Kolkata,East,18-Dec-23,Platinum,Online,
652,Female,25,West Bengal,Durgapur,East,25-Jan-22,None,Online,
656,Female,19,West Bengal,Durgapur,East,4-Jul-22,None,Online,
671,Male,41,West Bengal,Kolkata,East,7-Mar-25,Gold,Online,
688,Male,54,West Bengal,Durgapur,East,28-Dec-22,None,Retail,
697,Male,44,West Bengal,Durgapur,East,26-May-22,Silver,Retail,
712,Female,52,West Bengal,Durgapur,East,18-Mar-25,None,Retail,
741,Other,62,West Bengal,Howrah,East,26-Mar-25,None,Online,
742,Female,65,West Bengal,Howrah,East,20-Oct-22,None,Retail,
752,Other,47,West Bengal,Durgapur,East,18-Jun-23,Gold,Online,
775,Female,38,West Bengal,Howrah,East,11-Jul-24,Silver,Retail,
793,Male,67,West Bengal,Kolkata,East,21-Oct-22,Gold,Online,
808,Other,46,West Bengal,Howrah,East,26-May-23,None,Online,
825,Female,66,West Bengal,Howrah,East,6-May-23,None,Online,
829,Other,31,West Bengal,Durgapur,East,2-Aug-22,None,Online,
831,Male,27,West Bengal,Durgapur,East,20-Feb-24,None,Retail,
836,Female,62,West Bengal,Durgapur,East,21-Nov-23,Silver,Online,
842,Other,26,West Bengal,Kolkata,East,13-Feb-22,Silver,Online,
852,Male,24,West Bengal,Durgapur,East,8-Aug-22,None,Online,
865,Other,42,West Bengal,Durgapur,East,11-Mar-25,None,Retail,
870,Male,60,West Bengal,Kolkata,East,7-Sep-24,None,Retail,
881,Female,59,West Bengal,Kolkata,East,19-Sep-24,Gold,Online,
905,Female,53,West Bengal,Durgapur,East,29-Mar-25,Platinum,Online,
911,Female,69,West Bengal,Kolkata,East,28-Jun-23,None,Retail,
917,Other,56,West Bengal,Durgapur,East,19-Apr-23,None,Retail,
922,Other,65,West Bengal,Howrah,East,1-Feb-23,Silver,Online,
932,Male,52,West Bengal,Howrah,East,2-Jan-23,None,Online,
937,Other,62,West Bengal,Howrah,East,20-Jun-24,None,Online,
968,Female,35,West Bengal,Howrah,East,28-Aug-24,Gold,Online,
971,Female,66,West Bengal,Durgapur,East,15-Jan-23,None,Online,
988,Male,26,West Bengal,Kolkata,East,16-Mar-23,None,Retail,
995,Female,24,West Bengal,Kolkata,East,19-May-22,None,Online,
1022,Male,55,West Bengal,Durgapur,East,22-May-22,Silver,Retail,
1051,Other,60,West Bengal,Kolkata,East,15-Feb-23,None,Online,
1063,Male,44,West Bengal,Kolkata,East,9-Oct-23,Gold,Online,
1081,Male,63,West Bengal,Kolkata,East,17-Feb-25,Silver,Retail,
1082,Female,68,West Bengal,Kolkata,East,20-Feb-25,None,Online,
1094,Male,20,West Bengal,Kolkata,East,22-Jan-25,Platinum,Online,
1095,Male,49,West Bengal,Howrah,East,23-Mar-23,Silver,Online,
1102,Male,38,West Bengal,Kolkata,East,24-Jun-24,Platinum,Retail,
1118,Female,21,West Bengal,Durgapur,East,13-Feb-23,None,Online,
1149,Male,20,West Bengal,Kolkata,East,9-Sep-22,Silver,Online,
1154,Female,59,West Bengal,Howrah,East,14-Jan-25,None,Retail,
1158,Other,43,West Bengal,Durgapur,East,14-Dec-22,None,Online,
1161,Female,38,West Bengal,Howrah,East,11-Aug-24,None,Retail,
1173,Female,66,West Bengal,Durgapur,East,20-Aug-24,Silver,Retail,
1179,Male,42,West Bengal,Durgapur,East,16-Dec-22,None,Retail,
1184,Other,37,West Bengal,Kolkata,East,1-Oct-23,None,Retail,
1188,Other,38,West Bengal,Kolkata,East,1-Nov-24,Gold,Online,
1191,Female,57,West Bengal,Howrah,East,1-Oct-23,None,Retail,
